2026-08-25 11:51:01,361 [Worker-7: Loading available Gradle versions] INFO  o.e.b.c.i.u.g.PublishedGradleVersions - Gradle version information cache is not available. Remote download required.
2026-08-25 11:51:20,224 [Worker-2: Importing Maven projects] INFO  o.e.m.c.i.l.LifecycleMappingFactory - Using org.eclipse.m2e.jdt.JarLifecycleMapping lifecycle mapping for MavenProject: com.example:PositionMaintainingService:0.0.1-SNAPSHOT @ C:\Users\Lenovo\Downloads\Order-Positioning-Task\PositionMaintainingService\pom.xml.
2026-08-25 11:51:21,285 [Worker-2: Importing Maven projects] WARN  Sisu - Error injecting: org.apache.maven.plugins.jar.JarMojo
com.google.inject.ProvisionException: Unable to provision, see the following errors:

1) [Guice/ErrorInCustomProvider]: OutOfScopeException: Cannot access Key[type=MavenProject, annotation=[none]] outside of a scoping block
  at MojoExecutionScopeModule.configure(MojoExecutionScopeModule.java:47)
      \_ installed by: WireModule -> MojoExecutionScopeModule
  at JarMojo.<init>(JarMojo.java:72)
      \_ for 1st parameter
  while locating JarMojo

Learn more:
  https://github.com/google/guice/wiki/ERROR_IN_CUSTOM_PROVIDER

1 error

======================
Full classname legend:
======================
JarMojo:                  "org.apache.maven.plugins.jar.JarMojo"
MavenProject:             "org.apache.maven.project.MavenProject"
MojoExecutionScopeModule: "org.apache.maven.execution.scope.internal.MojoExecutionScopeModule"
OutOfScopeException:      "com.google.inject.OutOfScopeException"
WireModule:               "org.eclipse.sisu.wire.WireModule"
========================
End of classname legend:
========================

	at com.google.inject.internal.InternalProvisionException.toProvisionException(InternalProvisionException.java:251)
	at com.google.inject.internal.InjectorImpl$1.get(InjectorImpl.java:1104)
	at com.google.inject.internal.InjectorImpl.getInstance(InjectorImpl.java:1139)
	at org.eclipse.sisu.space.AbstractDeferredClass.get(AbstractDeferredClass.java:50)
	at com.google.inject.internal.ProviderInternalFactory.provision(ProviderInternalFactory.java:86)
	at com.google.inject.internal.InternalFactoryToInitializableAdapter.provision(InternalFactoryToInitializableAdapter.java:57)
	at com.google.inject.internal.ProviderInternalFactory$1.call(ProviderInternalFactory.java:67)
	at com.google.inject.internal.ProvisionListenerStackCallback$Provision.provision(ProvisionListenerStackCallback.java:109)
	at com.google.inject.internal.ProvisionListenerStackCallback$Provision.provision(ProvisionListenerStackCallback.java:124)
	at com.google.inject.internal.ProvisionListenerStackCallback.provision(ProvisionListenerStackCallback.java:66)
	at com.google.inject.internal.ProviderInternalFactory.circularGet(ProviderInternalFactory.java:62)
	at com.google.inject.internal.InternalFactoryToInitializableAdapter.get(InternalFactoryToInitializableAdapter.java:47)
	at com.google.inject.internal.InjectorImpl$1.get(InjectorImpl.java:1101)
	at org.eclipse.sisu.inject.Guice4$2.get(Guice4.java:235)
	at org.eclipse.sisu.inject.LazyBeanEntry.getValue(LazyBeanEntry.java:83)
	at org.eclipse.sisu.plexus.LazyPlexusBean.getValue(LazyPlexusBean.java:53)
	at org.codehaus.plexus.DefaultPlexusContainer.lookup(DefaultPlexusContainer.java:265)
	at org.codehaus.plexus.DefaultPlexusContainer.lookup(DefaultPlexusContainer.java:257)
	at org.apache.maven.plugin.internal.DefaultMavenPluginManager.getConfiguredMojo(DefaultMavenPluginManager.java:491)
	at org.eclipse.m2e.core.internal.embedder.MavenImpl.getConfiguredMojo(MavenImpl.java:206)
	at org.eclipse.m2e.mavenarchiver.internal.AbstractMavenArchiverConfigurator.reflectManifestGeneration(AbstractMavenArchiverConfigurator.java:439)
	at org.eclipse.m2e.mavenarchiver.internal.AbstractMavenArchiverConfigurator.lambda$3(AbstractMavenArchiverConfigurator.java:398)
	at org.eclipse.m2e.core.internal.embedder.MavenExecutionContext.executeBare(MavenExecutionContext.java:458)
	at org.eclipse.m2e.core.internal.embedder.MavenExecutionContext.execute(MavenExecutionContext.java:339)
	at org.eclipse.m2e.core.internal.embedder.MavenExecutionContext.execute(MavenExecutionContext.java:278)
	at org.eclipse.m2e.mavenarchiver.internal.AbstractMavenArchiverConfigurator.generateManifest(AbstractMavenArchiverConfigurator.java:371)
	at org.eclipse.m2e.mavenarchiver.internal.AbstractMavenArchiverConfigurator.mavenProjectChanged(AbstractMavenArchiverConfigurator.java:228)
	at org.eclipse.m2e.mavenarchiver.internal.AbstractMavenArchiverConfigurator.mavenProjectChanged(AbstractMavenArchiverConfigurator.java:220)
	at org.eclipse.m2e.core.internal.project.ProjectConfigurationManager.mavenProjectChanged(ProjectConfigurationManager.java:885)
	at org.eclipse.m2e.core.internal.project.registry.ProjectRegistryManager.notifyProjectChangeListeners(ProjectRegistryManager.java:892)
	at org.eclipse.m2e.core.internal.project.registry.ProjectRegistryManager.applyMutableProjectRegistry(ProjectRegistryManager.java:1042)
	at org.eclipse.m2e.core.internal.project.registry.ProjectRegistryManager.refresh(ProjectRegistryManager.java:324)
	at org.eclipse.m2e.core.internal.project.ProjectConfigurationManager.configureNewMavenProjects(ProjectConfigurationManager.java:256)
	at org.eclipse.m2e.core.internal.project.ProjectConfigurationManager.lambda$1(ProjectConfigurationManager.java:166)
	at org.eclipse.m2e.core.internal.embedder.MavenExecutionContext.executeBare(MavenExecutionContext.java:458)
	at org.eclipse.m2e.core.internal.embedder.MavenExecutionContext.execute(MavenExecutionContext.java:339)
	at org.eclipse.m2e.core.internal.embedder.MavenExecutionContext.execute(MavenExecutionContext.java:278)
	at org.eclipse.m2e.core.internal.project.ProjectConfigurationManager.importProjects(ProjectConfigurationManager.java:139)
	at org.eclipse.m2e.core.ui.internal.wizards.ImportMavenProjectsJob$1.doCreateMavenProjects(ImportMavenProjectsJob.java:71)
	at org.eclipse.m2e.core.ui.internal.wizards.AbstractCreateMavenProjectsOperation.run(AbstractCreateMavenProjectsOperation.java:56)
	at org.eclipse.m2e.core.ui.internal.wizards.ImportMavenProjectsJob.runInWorkspace(ImportMavenProjectsJob.java:80)
	at org.eclipse.core.internal.resources.InternalWorkspaceJob.run(InternalWorkspaceJob.java:43)
	at org.eclipse.core.internal.jobs.Worker.run(Worker.java:63)
Caused by: com.google.inject.OutOfScopeException: Cannot access Key[type=org.apache.maven.project.MavenProject, annotation=[none]] outside of a scoping block
	at org.apache.maven.execution.scope.internal.MojoExecutionScope$2.get(MojoExecutionScope.java:99)
	at com.google.inject.internal.InternalFactoryToProviderAdapter.get(InternalFactoryToProviderAdapter.java:45)
	at com.google.inject.internal.SingleParameterInjector.inject(SingleParameterInjector.java:40)
	at com.google.inject.internal.SingleParameterInjector.getAll(SingleParameterInjector.java:60)
	at com.google.inject.internal.ConstructorInjector.provision(ConstructorInjector.java:113)
	at com.google.inject.internal.ConstructorInjector.access$000(ConstructorInjector.java:33)
	at com.google.inject.internal.ConstructorInjector$1.call(ConstructorInjector.java:98)
	at com.google.inject.internal.ProvisionListenerStackCallback$Provision.provision(ProvisionListenerStackCallback.java:109)
	at com.google.inject.internal.ProvisionListenerStackCallback$Provision.provision(ProvisionListenerStackCallback.java:124)
	at com.google.inject.internal.ProvisionListenerStackCallback.provision(ProvisionListenerStackCallback.java:66)
	at com.google.inject.internal.ConstructorInjector.construct(ConstructorInjector.java:93)
	at com.google.inject.internal.ConstructorBindingImpl$Factory.get(ConstructorBindingImpl.java:300)
	at com.google.inject.internal.InjectorImpl$1.get(InjectorImpl.java:1101)
	... 41 common frames omitted
2026-08-25 11:51:22,169 [Worker-2: Importing Maven projects] INFO  o.e.m.j.i.AbstractJavaProjectConfigurator - Adding source folder /PositionMaintainingService/src/main/java
2026-08-25 11:51:22,173 [Worker-2: Importing Maven projects] INFO  o.e.m.j.i.AbstractJavaProjectConfigurator - Adding resource folder /PositionMaintainingService/src/main/resources
2026-08-25 11:51:22,173 [Worker-2: Importing Maven projects] INFO  o.e.m.j.i.AbstractJavaProjectConfigurator - Adding resource folder /PositionMaintainingService/src/main/resources
2026-08-25 11:51:22,176 [Worker-2: Importing Maven projects] INFO  o.e.m.j.i.AbstractJavaProjectConfigurator - Adding source folder /PositionMaintainingService/src/test/java
2026-08-25 11:51:22,177 [Worker-2: Importing Maven projects] INFO  o.e.m.j.i.AbstractJavaProjectConfigurator - Adding resource folder /PositionMaintainingService/src/test/resources
2026-08-25 11:51:22,595 [Worker-2: Importing Maven projects] INFO  o.e.m.c.i.p.ProjectConfigurationManager - Imported and configured 1 project(s) in 4 sec
2026-08-25 11:51:22,851 [Worker-10: Updating Maven Project] INFO  o.e.m.c.i.p.ProjectConfigurationManager - Update started
2026-08-25 11:51:23,299 [Worker-10: Updating Maven Project] INFO  o.e.m.c.i.l.LifecycleMappingFactory - Using org.eclipse.m2e.jdt.JarLifecycleMapping lifecycle mapping for MavenProject: com.example:PositionMaintainingService:0.0.1-SNAPSHOT @ C:\Users\Lenovo\Downloads\Order-Positioning-Task\PositionMaintainingService\pom.xml.
2026-08-25 11:51:23,624 [Worker-10: Updating Maven Project] WARN  Sisu - Error injecting: org.apache.maven.plugins.jar.JarMojo
com.google.inject.ProvisionException: Unable to provision, see the following errors:

1) [Guice/ErrorInCustomProvider]: OutOfScopeException: Cannot access Key[type=MavenProject, annotation=[none]] outside of a scoping block
  at MojoExecutionScopeModule.configure(MojoExecutionScopeModule.java:47)
      \_ installed by: WireModule -> MojoExecutionScopeModule
  at JarMojo.<init>(JarMojo.java:72)
      \_ for 1st parameter
  while locating JarMojo

Learn more:
  https://github.com/google/guice/wiki/ERROR_IN_CUSTOM_PROVIDER

1 error

======================
Full classname legend:
======================
JarMojo:                  "org.apache.maven.plugins.jar.JarMojo"
MavenProject:             "org.apache.maven.project.MavenProject"
MojoExecutionScopeModule: "org.apache.maven.execution.scope.internal.MojoExecutionScopeModule"
OutOfScopeException:      "com.google.inject.OutOfScopeException"
WireModule:               "org.eclipse.sisu.wire.WireModule"
========================
End of classname legend:
========================

	at com.google.inject.internal.InternalProvisionException.toProvisionException(InternalProvisionException.java:251)
	at com.google.inject.internal.InjectorImpl$1.get(InjectorImpl.java:1104)
	at com.google.inject.internal.InjectorImpl.getInstance(InjectorImpl.java:1139)
	at org.eclipse.sisu.space.AbstractDeferredClass.get(AbstractDeferredClass.java:50)
	at com.google.inject.internal.ProviderInternalFactory.provision(ProviderInternalFactory.java:86)
	at com.google.inject.internal.InternalFactoryToInitializableAdapter.provision(InternalFactoryToInitializableAdapter.java:57)
	at com.google.inject.internal.ProviderInternalFactory$1.call(ProviderInternalFactory.java:67)
	at com.google.inject.internal.ProvisionListenerStackCallback$Provision.provision(ProvisionListenerStackCallback.java:109)
	at com.google.inject.internal.ProvisionListenerStackCallback$Provision.provision(ProvisionListenerStackCallback.java:124)
	at com.google.inject.internal.ProvisionListenerStackCallback.provision(ProvisionListenerStackCallback.java:66)
	at com.google.inject.internal.ProviderInternalFactory.circularGet(ProviderInternalFactory.java:62)
	at com.google.inject.internal.InternalFactoryToInitializableAdapter.get(InternalFactoryToInitializableAdapter.java:47)
	at com.google.inject.internal.InjectorImpl$1.get(InjectorImpl.java:1101)
	at org.eclipse.sisu.inject.Guice4$2.get(Guice4.java:235)
	at org.eclipse.sisu.inject.LazyBeanEntry.getValue(LazyBeanEntry.java:83)
	at org.eclipse.sisu.plexus.LazyPlexusBean.getValue(LazyPlexusBean.java:53)
	at org.codehaus.plexus.DefaultPlexusContainer.lookup(DefaultPlexusContainer.java:265)
	at org.codehaus.plexus.DefaultPlexusContainer.lookup(DefaultPlexusContainer.java:257)
	at org.apache.maven.plugin.internal.DefaultMavenPluginManager.getConfiguredMojo(DefaultMavenPluginManager.java:491)
	at org.eclipse.m2e.core.internal.embedder.MavenImpl.getConfiguredMojo(MavenImpl.java:206)
	at org.eclipse.m2e.mavenarchiver.internal.AbstractMavenArchiverConfigurator.reflectManifestGeneration(AbstractMavenArchiverConfigurator.java:439)
	at org.eclipse.m2e.mavenarchiver.internal.AbstractMavenArchiverConfigurator.lambda$3(AbstractMavenArchiverConfigurator.java:398)
	at org.eclipse.m2e.core.internal.embedder.MavenExecutionContext.executeBare(MavenExecutionContext.java:458)
	at org.eclipse.m2e.core.internal.embedder.MavenExecutionContext.execute(MavenExecutionContext.java:339)
	at org.eclipse.m2e.core.internal.embedder.MavenExecutionContext.execute(MavenExecutionContext.java:278)
	at org.eclipse.m2e.mavenarchiver.internal.AbstractMavenArchiverConfigurator.generateManifest(AbstractMavenArchiverConfigurator.java:371)
	at org.eclipse.m2e.mavenarchiver.internal.AbstractMavenArchiverConfigurator.mavenProjectChanged(AbstractMavenArchiverConfigurator.java:228)
	at org.eclipse.m2e.mavenarchiver.internal.AbstractMavenArchiverConfigurator.mavenProjectChanged(AbstractMavenArchiverConfigurator.java:220)
	at org.eclipse.m2e.core.internal.project.ProjectConfigurationManager.mavenProjectChanged(ProjectConfigurationManager.java:885)
	at org.eclipse.m2e.core.internal.project.registry.ProjectRegistryManager.notifyProjectChangeListeners(ProjectRegistryManager.java:892)
	at org.eclipse.m2e.core.internal.project.registry.ProjectRegistryManager.applyMutableProjectRegistry(ProjectRegistryManager.java:1042)
	at org.eclipse.m2e.core.internal.project.registry.ProjectRegistryManager.refresh(ProjectRegistryManager.java:324)
	at org.eclipse.m2e.core.internal.project.ProjectConfigurationManager.updateProjectConfiguration0(ProjectConfigurationManager.java:388)
	at org.eclipse.m2e.core.internal.project.ProjectConfigurationManager.lambda$3(ProjectConfigurationManager.java:340)
	at org.eclipse.m2e.core.internal.embedder.MavenExecutionContext.executeBare(MavenExecutionContext.java:458)
	at org.eclipse.m2e.core.internal.embedder.MavenExecutionContext.execute(MavenExecutionContext.java:339)
	at org.eclipse.m2e.core.internal.embedder.MavenExecutionContext.execute(MavenExecutionContext.java:278)
	at org.eclipse.m2e.core.internal.embedder.MavenImpl.execute(MavenImpl.java:1053)
	at org.eclipse.m2e.core.internal.project.ProjectConfigurationManager.updateProjectConfiguration(ProjectConfigurationManager.java:339)
	at org.eclipse.m2e.core.ui.internal.UpdateMavenProjectJob.runInWorkspace(UpdateMavenProjectJob.java:80)
	at org.eclipse.core.internal.resources.InternalWorkspaceJob.run(InternalWorkspaceJob.java:43)
	at org.eclipse.core.internal.jobs.Worker.run(Worker.java:63)
Caused by: com.google.inject.OutOfScopeException: Cannot access Key[type=org.apache.maven.project.MavenProject, annotation=[none]] outside of a scoping block
	at org.apache.maven.execution.scope.internal.MojoExecutionScope$2.get(MojoExecutionScope.java:99)
	at com.google.inject.internal.InternalFactoryToProviderAdapter.get(InternalFactoryToProviderAdapter.java:45)
	at com.google.inject.internal.SingleParameterInjector.inject(SingleParameterInjector.java:40)
	at com.google.inject.internal.SingleParameterInjector.getAll(SingleParameterInjector.java:60)
	at com.google.inject.internal.ConstructorInjector.provision(ConstructorInjector.java:113)
	at com.google.inject.internal.ConstructorInjector.access$000(ConstructorInjector.java:33)
	at com.google.inject.internal.ConstructorInjector$1.call(ConstructorInjector.java:98)
	at com.google.inject.internal.ProvisionListenerStackCallback$Provision.provision(ProvisionListenerStackCallback.java:109)
	at com.google.inject.internal.ProvisionListenerStackCallback$Provision.provision(ProvisionListenerStackCallback.java:124)
	at com.google.inject.internal.ProvisionListenerStackCallback.provision(ProvisionListenerStackCallback.java:66)
	at com.google.inject.internal.ConstructorInjector.construct(ConstructorInjector.java:93)
	at com.google.inject.internal.ConstructorBindingImpl$Factory.get(ConstructorBindingImpl.java:300)
	at com.google.inject.internal.InjectorImpl$1.get(InjectorImpl.java:1101)
	... 40 common frames omitted
2026-08-25 11:51:23,836 [Worker-10: Updating Maven Project] INFO  o.e.m.j.i.AbstractJavaProjectConfigurator - Adding source folder /PositionMaintainingService/src/main/java
2026-08-25 11:51:23,837 [Worker-10: Updating Maven Project] INFO  o.e.m.j.i.AbstractJavaProjectConfigurator - Adding resource folder /PositionMaintainingService/src/main/resources
2026-08-25 11:51:23,838 [Worker-10: Updating Maven Project] INFO  o.e.m.j.i.AbstractJavaProjectConfigurator - Adding resource folder /PositionMaintainingService/src/main/resources
2026-08-25 11:51:23,838 [Worker-10: Updating Maven Project] INFO  o.e.m.j.i.AbstractJavaProjectConfigurator - Adding source folder /PositionMaintainingService/src/test/java
2026-08-25 11:51:23,839 [Worker-10: Updating Maven Project] INFO  o.e.m.j.i.AbstractJavaProjectConfigurator - Adding resource folder /PositionMaintainingService/src/test/resources
2026-08-25 11:51:24,248 [Worker-10: Updating Maven Project] INFO  o.e.m.c.i.p.ProjectConfigurationManager - Update completed for 1 poms: local refresh takes 0.00 sec, refresh facades takes 0.00 sec, update config takes 0.00 sec 
2026-08-25 11:51:25,606 [Worker-2: Building] INFO  o.a.m.s.f.DefaultMavenResourcesFiltering - Copying 1 resource from src\main\resources to target\classes
2026-08-25 11:51:25,620 [Worker-2: Building] INFO  o.a.m.s.f.DefaultMavenResourcesFiltering - Copying 0 resource from src\main\resources to target\classes
2026-08-25 11:51:25,628 [Worker-2: Building] INFO  o.a.m.s.f.DefaultMavenResourcesFiltering - skip non existing resourceDirectory C:\Users\Lenovo\Downloads\Order-Positioning-Task\PositionMaintainingService\src\test\resources
2026-08-25 11:51:26,027 [Worker-2: Building] WARN  Sisu - Error injecting: org.apache.maven.plugins.jar.JarMojo
com.google.inject.ProvisionException: Unable to provision, see the following errors:

1) [Guice/ErrorInCustomProvider]: OutOfScopeException: Cannot access Key[type=MavenProject, annotation=[none]] outside of a scoping block
  at MojoExecutionScopeModule.configure(MojoExecutionScopeModule.java:47)
      \_ installed by: WireModule -> MojoExecutionScopeModule
  at JarMojo.<init>(JarMojo.java:72)
      \_ for 1st parameter
  while locating JarMojo

Learn more:
  https://github.com/google/guice/wiki/ERROR_IN_CUSTOM_PROVIDER

1 error

======================
Full classname legend:
======================
JarMojo:                  "org.apache.maven.plugins.jar.JarMojo"
MavenProject:             "org.apache.maven.project.MavenProject"
MojoExecutionScopeModule: "org.apache.maven.execution.scope.internal.MojoExecutionScopeModule"
OutOfScopeException:      "com.google.inject.OutOfScopeException"
WireModule:               "org.eclipse.sisu.wire.WireModule"
========================
End of classname legend:
========================

	at com.google.inject.internal.InternalProvisionException.toProvisionException(InternalProvisionException.java:251)
	at com.google.inject.internal.InjectorImpl$1.get(InjectorImpl.java:1104)
	at com.google.inject.internal.InjectorImpl.getInstance(InjectorImpl.java:1139)
	at org.eclipse.sisu.space.AbstractDeferredClass.get(AbstractDeferredClass.java:50)
	at com.google.inject.internal.ProviderInternalFactory.provision(ProviderInternalFactory.java:86)
	at com.google.inject.internal.InternalFactoryToInitializableAdapter.provision(InternalFactoryToInitializableAdapter.java:57)
	at com.google.inject.internal.ProviderInternalFactory$1.call(ProviderInternalFactory.java:67)
	at com.google.inject.internal.ProvisionListenerStackCallback$Provision.provision(ProvisionListenerStackCallback.java:109)
	at com.google.inject.internal.ProvisionListenerStackCallback$Provision.provision(ProvisionListenerStackCallback.java:124)
	at com.google.inject.internal.ProvisionListenerStackCallback.provision(ProvisionListenerStackCallback.java:66)
	at com.google.inject.internal.ProviderInternalFactory.circularGet(ProviderInternalFactory.java:62)
	at com.google.inject.internal.InternalFactoryToInitializableAdapter.get(InternalFactoryToInitializableAdapter.java:47)
	at com.google.inject.internal.InjectorImpl$1.get(InjectorImpl.java:1101)
	at org.eclipse.sisu.inject.Guice4$2.get(Guice4.java:235)
	at org.eclipse.sisu.inject.LazyBeanEntry.getValue(LazyBeanEntry.java:83)
	at org.eclipse.sisu.plexus.LazyPlexusBean.getValue(LazyPlexusBean.java:53)
	at org.codehaus.plexus.DefaultPlexusContainer.lookup(DefaultPlexusContainer.java:265)
	at org.codehaus.plexus.DefaultPlexusContainer.lookup(DefaultPlexusContainer.java:257)
	at org.apache.maven.plugin.internal.DefaultMavenPluginManager.getConfiguredMojo(DefaultMavenPluginManager.java:491)
	at org.eclipse.m2e.core.internal.embedder.MavenImpl.getConfiguredMojo(MavenImpl.java:206)
	at org.eclipse.m2e.mavenarchiver.internal.AbstractMavenArchiverConfigurator.reflectManifestGeneration(AbstractMavenArchiverConfigurator.java:439)
	at org.eclipse.m2e.mavenarchiver.internal.AbstractMavenArchiverConfigurator.lambda$3(AbstractMavenArchiverConfigurator.java:398)
	at org.eclipse.m2e.core.internal.embedder.MavenExecutionContext.executeBare(MavenExecutionContext.java:458)
	at org.eclipse.m2e.core.internal.embedder.MavenExecutionContext.execute(MavenExecutionContext.java:339)
	at org.eclipse.m2e.core.internal.embedder.MavenExecutionContext.execute(MavenExecutionContext.java:278)
	at org.eclipse.m2e.mavenarchiver.internal.AbstractMavenArchiverConfigurator.generateManifest(AbstractMavenArchiverConfigurator.java:371)
	at org.eclipse.m2e.mavenarchiver.internal.AbstractMavenArchiverConfigurator.mavenProjectChanged(AbstractMavenArchiverConfigurator.java:228)
	at org.eclipse.m2e.mavenarchiver.internal.AbstractMavenArchiverConfigurator$1.build(AbstractMavenArchiverConfigurator.java:178)
	at org.eclipse.m2e.core.internal.builder.MavenBuilderImpl.lambda$2(MavenBuilderImpl.java:159)
	at java.base/java.util.LinkedHashMap.forEach(LinkedHashMap.java:986)
	at org.eclipse.m2e.core.internal.builder.MavenBuilderImpl.build(MavenBuilderImpl.java:139)
	at org.eclipse.m2e.core.internal.builder.MavenBuilder$1.method(MavenBuilder.java:164)
	at org.eclipse.m2e.core.internal.builder.MavenBuilder$1.method(MavenBuilder.java:1)
	at org.eclipse.m2e.core.internal.builder.MavenBuilder$BuildMethod.lambda$1(MavenBuilder.java:109)
	at org.eclipse.m2e.core.internal.embedder.MavenExecutionContext.executeBare(MavenExecutionContext.java:458)
	at org.eclipse.m2e.core.internal.embedder.MavenExecutionContext.execute(MavenExecutionContext.java:292)
	at org.eclipse.m2e.core.internal.builder.MavenBuilder$BuildMethod.lambda$0(MavenBuilder.java:100)
	at org.eclipse.m2e.core.internal.embedder.MavenExecutionContext.executeBare(MavenExecutionContext.java:458)
	at org.eclipse.m2e.core.internal.embedder.MavenExecutionContext.execute(MavenExecutionContext.java:339)
	at org.eclipse.m2e.core.internal.embedder.MavenExecutionContext.execute(MavenExecutionContext.java:278)
	at org.eclipse.m2e.core.internal.builder.MavenBuilder$BuildMethod.execute(MavenBuilder.java:83)
	at org.eclipse.m2e.core.internal.builder.MavenBuilder.build(MavenBuilder.java:192)
	at org.eclipse.core.internal.events.BuildManager$2.run(BuildManager.java:1077)
	at org.eclipse.core.runtime.SafeRunner.run(SafeRunner.java:47)
	at org.eclipse.core.internal.events.BuildManager.basicBuild(BuildManager.java:296)
	at org.eclipse.core.internal.events.BuildManager.basicBuild(BuildManager.java:352)
	at org.eclipse.core.internal.events.BuildManager$1.run(BuildManager.java:441)
	at org.eclipse.core.runtime.SafeRunner.run(SafeRunner.java:47)
	at org.eclipse.core.internal.events.BuildManager.basicBuild(BuildManager.java:444)
	at org.eclipse.core.internal.events.BuildManager.basicBuildLoop(BuildManager.java:555)
	at org.eclipse.core.internal.events.BuildManager.basicBuildLoop(BuildManager.java:503)
	at org.eclipse.core.internal.events.BuildManager.build(BuildManager.java:585)
	at org.eclipse.core.internal.events.AutoBuildJob.doBuild(AutoBuildJob.java:207)
	at org.eclipse.core.internal.events.AutoBuildJob.run(AutoBuildJob.java:300)
	at org.eclipse.core.internal.jobs.Worker.run(Worker.java:63)
Caused by: com.google.inject.OutOfScopeException: Cannot access Key[type=org.apache.maven.project.MavenProject, annotation=[none]] outside of a scoping block
	at org.apache.maven.execution.scope.internal.MojoExecutionScope$2.get(MojoExecutionScope.java:99)
	at com.google.inject.internal.InternalFactoryToProviderAdapter.get(InternalFactoryToProviderAdapter.java:45)
	at com.google.inject.internal.SingleParameterInjector.inject(SingleParameterInjector.java:40)
	at com.google.inject.internal.SingleParameterInjector.getAll(SingleParameterInjector.java:60)
	at com.google.inject.internal.ConstructorInjector.provision(ConstructorInjector.java:113)
	at com.google.inject.internal.ConstructorInjector.access$000(ConstructorInjector.java:33)
	at com.google.inject.internal.ConstructorInjector$1.call(ConstructorInjector.java:98)
	at com.google.inject.internal.ProvisionListenerStackCallback$Provision.provision(ProvisionListenerStackCallback.java:109)
	at com.google.inject.internal.ProvisionListenerStackCallback$Provision.provision(ProvisionListenerStackCallback.java:124)
	at com.google.inject.internal.ProvisionListenerStackCallback.provision(ProvisionListenerStackCallback.java:66)
	at com.google.inject.internal.ConstructorInjector.construct(ConstructorInjector.java:93)
	at com.google.inject.internal.ConstructorBindingImpl$Factory.get(ConstructorBindingImpl.java:300)
	at com.google.inject.internal.InjectorImpl$1.get(InjectorImpl.java:1101)
	... 53 common frames omitted
2026-08-25 11:51:37,513 [Worker-0: Launching Executing clean in C__Users_Lenovo_Downloads_Order-Positioning-Task_PositionMaintainingService] INFO  o.eclipse.m2e.core.internal.Bundles - getClasspathEntries(Bundle=org.eclipse.m2e.maven.runtime_3.9.900.20240824-1409 [360])
2026-08-25 11:51:37,514 [Worker-0: Launching Executing clean in C__Users_Lenovo_Downloads_Order-Positioning-Task_PositionMaintainingService] INFO  o.eclipse.m2e.core.internal.Bundles - 	Entry: C:\Users\Lenovo\spring-tool-suite-4-4.26.0.RELEASE-e4.33.0-win32.win32.x86_64\sts-4.26.0.RELEASE\plugins\org.eclipse.m2e.maven.runtime_3.9.900.20240824-1409
2026-08-25 11:51:37,514 [Worker-0: Launching Executing clean in C__Users_Lenovo_Downloads_Order-Positioning-Task_PositionMaintainingService] INFO  o.eclipse.m2e.core.internal.Bundles - 	Entry: C:\Users\Lenovo\spring-tool-suite-4-4.26.0.RELEASE-e4.33.0-win32.win32.x86_64\sts-4.26.0.RELEASE\plugins\org.eclipse.m2e.maven.runtime_3.9.900.20240824-1409\jars\aopalliance-1.0.jar
2026-08-25 11:51:37,514 [Worker-0: Launching Executing clean in C__Users_Lenovo_Downloads_Order-Positioning-Task_PositionMaintainingService] INFO  o.eclipse.m2e.core.internal.Bundles - 	Entry: C:\Users\Lenovo\spring-tool-suite-4-4.26.0.RELEASE-e4.33.0-win32.win32.x86_64\sts-4.26.0.RELEASE\plugins\org.eclipse.m2e.maven.runtime_3.9.900.20240824-1409\jars\guice-5.1.0.jar
2026-08-25 11:51:37,514 [Worker-0: Launching Executing clean in C__Users_Lenovo_Downloads_Order-Positioning-Task_PositionMaintainingService] INFO  o.eclipse.m2e.core.internal.Bundles - 	Entry: C:\Users\Lenovo\spring-tool-suite-4-4.26.0.RELEASE-e4.33.0-win32.win32.x86_64\sts-4.26.0.RELEASE\plugins\org.eclipse.m2e.maven.runtime_3.9.900.20240824-1409\jars\httpclient-4.5.14.jar
2026-08-25 11:51:37,514 [Worker-0: Launching Executing clean in C__Users_Lenovo_Downloads_Order-Positioning-Task_PositionMaintainingService] INFO  o.eclipse.m2e.core.internal.Bundles - 	Entry: C:\Users\Lenovo\spring-tool-suite-4-4.26.0.RELEASE-e4.33.0-win32.win32.x86_64\sts-4.26.0.RELEASE\plugins\org.eclipse.m2e.maven.runtime_3.9.900.20240824-1409\jars\httpcore-4.4.16.jar
2026-08-25 11:51:37,514 [Worker-0: Launching Executing clean in C__Users_Lenovo_Downloads_Order-Positioning-Task_PositionMaintainingService] INFO  o.eclipse.m2e.core.internal.Bundles - 	Entry: C:\Users\Lenovo\spring-tool-suite-4-4.26.0.RELEASE-e4.33.0-win32.win32.x86_64\sts-4.26.0.RELEASE\plugins\org.eclipse.m2e.maven.runtime_3.9.900.20240824-1409\jars\jansi-2.4.1.jar
2026-08-25 11:51:37,514 [Worker-0: Launching Executing clean in C__Users_Lenovo_Downloads_Order-Positioning-Task_PositionMaintainingService] INFO  o.eclipse.m2e.core.internal.Bundles - 	Entry: C:\Users\Lenovo\spring-tool-suite-4-4.26.0.RELEASE-e4.33.0-win32.win32.x86_64\sts-4.26.0.RELEASE\plugins\org.eclipse.m2e.maven.runtime_3.9.900.20240824-1409\jars\jcl-over-slf4j-1.7.36.jar
2026-08-25 11:51:37,514 [Worker-0: Launching Executing clean in C__Users_Lenovo_Downloads_Order-Positioning-Task_PositionMaintainingService] INFO  o.eclipse.m2e.core.internal.Bundles - 	Entry: C:\Users\Lenovo\spring-tool-suite-4-4.26.0.RELEASE-e4.33.0-win32.win32.x86_64\sts-4.26.0.RELEASE\plugins\org.eclipse.m2e.maven.runtime_3.9.900.20240824-1409\jars\maven-artifact-3.9.9.jar
2026-08-25 11:51:37,514 [Worker-0: Launching Executing clean in C__Users_Lenovo_Downloads_Order-Positioning-Task_PositionMaintainingService] INFO  o.eclipse.m2e.core.internal.Bundles - 	Entry: C:\Users\Lenovo\spring-tool-suite-4-4.26.0.RELEASE-e4.33.0-win32.win32.x86_64\sts-4.26.0.RELEASE\plugins\org.eclipse.m2e.maven.runtime_3.9.900.20240824-1409\jars\maven-builder-support-3.9.9.jar
2026-08-25 11:51:37,514 [Worker-0: Launching Executing clean in C__Users_Lenovo_Downloads_Order-Positioning-Task_PositionMaintainingService] INFO  o.eclipse.m2e.core.internal.Bundles - 	Entry: C:\Users\Lenovo\spring-tool-suite-4-4.26.0.RELEASE-e4.33.0-win32.win32.x86_64\sts-4.26.0.RELEASE\plugins\org.eclipse.m2e.maven.runtime_3.9.900.20240824-1409\jars\maven-compat-3.9.9.jar
2026-08-25 11:51:37,514 [Worker-0: Launching Executing clean in C__Users_Lenovo_Downloads_Order-Positioning-Task_PositionMaintainingService] INFO  o.eclipse.m2e.core.internal.Bundles - 	Entry: C:\Users\Lenovo\spring-tool-suite-4-4.26.0.RELEASE-e4.33.0-win32.win32.x86_64\sts-4.26.0.RELEASE\plugins\org.eclipse.m2e.maven.runtime_3.9.900.20240824-1409\jars\maven-core-3.9.9.jar
2026-08-25 11:51:37,514 [Worker-0: Launching Executing clean in C__Users_Lenovo_Downloads_Order-Positioning-Task_PositionMaintainingService] INFO  o.eclipse.m2e.core.internal.Bundles - 	Entry: C:\Users\Lenovo\spring-tool-suite-4-4.26.0.RELEASE-e4.33.0-win32.win32.x86_64\sts-4.26.0.RELEASE\plugins\org.eclipse.m2e.maven.runtime_3.9.900.20240824-1409\jars\maven-embedder-3.9.9.jar
2026-08-25 11:51:37,514 [Worker-0: Launching Executing clean in C__Users_Lenovo_Downloads_Order-Positioning-Task_PositionMaintainingService] INFO  o.eclipse.m2e.core.internal.Bundles - 	Entry: C:\Users\Lenovo\spring-tool-suite-4-4.26.0.RELEASE-e4.33.0-win32.win32.x86_64\sts-4.26.0.RELEASE\plugins\org.eclipse.m2e.maven.runtime_3.9.900.20240824-1409\jars\maven-model-3.9.9.jar
2026-08-25 11:51:37,514 [Worker-0: Launching Executing clean in C__Users_Lenovo_Downloads_Order-Positioning-Task_PositionMaintainingService] INFO  o.eclipse.m2e.core.internal.Bundles - 	Entry: C:\Users\Lenovo\spring-tool-suite-4-4.26.0.RELEASE-e4.33.0-win32.win32.x86_64\sts-4.26.0.RELEASE\plugins\org.eclipse.m2e.maven.runtime_3.9.900.20240824-1409\jars\maven-model-builder-3.9.9.jar
2026-08-25 11:51:37,514 [Worker-0: Launching Executing clean in C__Users_Lenovo_Downloads_Order-Positioning-Task_PositionMaintainingService] INFO  o.eclipse.m2e.core.internal.Bundles - 	Entry: C:\Users\Lenovo\spring-tool-suite-4-4.26.0.RELEASE-e4.33.0-win32.win32.x86_64\sts-4.26.0.RELEASE\plugins\org.eclipse.m2e.maven.runtime_3.9.900.20240824-1409\jars\maven-plugin-api-3.9.9.jar
2026-08-25 11:51:37,514 [Worker-0: Launching Executing clean in C__Users_Lenovo_Downloads_Order-Positioning-Task_PositionMaintainingService] INFO  o.eclipse.m2e.core.internal.Bundles - 	Entry: C:\Users\Lenovo\spring-tool-suite-4-4.26.0.RELEASE-e4.33.0-win32.win32.x86_64\sts-4.26.0.RELEASE\plugins\org.eclipse.m2e.maven.runtime_3.9.900.20240824-1409\jars\maven-repository-metadata-3.9.9.jar
2026-08-25 11:51:37,514 [Worker-0: Launching Executing clean in C__Users_Lenovo_Downloads_Order-Positioning-Task_PositionMaintainingService] INFO  o.eclipse.m2e.core.internal.Bundles - 	Entry: C:\Users\Lenovo\spring-tool-suite-4-4.26.0.RELEASE-e4.33.0-win32.win32.x86_64\sts-4.26.0.RELEASE\plugins\org.eclipse.m2e.maven.runtime_3.9.900.20240824-1409\jars\maven-resolver-api-1.9.22.jar
2026-08-25 11:51:37,514 [Worker-0: Launching Executing clean in C__Users_Lenovo_Downloads_Order-Positioning-Task_PositionMaintainingService] INFO  o.eclipse.m2e.core.internal.Bundles - 	Entry: C:\Users\Lenovo\spring-tool-suite-4-4.26.0.RELEASE-e4.33.0-win32.win32.x86_64\sts-4.26.0.RELEASE\plugins\org.eclipse.m2e.maven.runtime_3.9.900.20240824-1409\jars\maven-resolver-connector-basic-1.9.22.jar
2026-08-25 11:51:37,514 [Worker-0: Launching Executing clean in C__Users_Lenovo_Downloads_Order-Positioning-Task_PositionMaintainingService] INFO  o.eclipse.m2e.core.internal.Bundles - 	Entry: C:\Users\Lenovo\spring-tool-suite-4-4.26.0.RELEASE-e4.33.0-win32.win32.x86_64\sts-4.26.0.RELEASE\plugins\org.eclipse.m2e.maven.runtime_3.9.900.20240824-1409\jars\maven-resolver-impl-1.9.22.jar
2026-08-25 11:51:37,514 [Worker-0: Launching Executing clean in C__Users_Lenovo_Downloads_Order-Positioning-Task_PositionMaintainingService] INFO  o.eclipse.m2e.core.internal.Bundles - 	Entry: C:\Users\Lenovo\spring-tool-suite-4-4.26.0.RELEASE-e4.33.0-win32.win32.x86_64\sts-4.26.0.RELEASE\plugins\org.eclipse.m2e.maven.runtime_3.9.900.20240824-1409\jars\maven-resolver-named-locks-1.9.22.jar
2026-08-25 11:51:37,514 [Worker-0: Launching Executing clean in C__Users_Lenovo_Downloads_Order-Positioning-Task_PositionMaintainingService] INFO  o.eclipse.m2e.core.internal.Bundles - 	Entry: C:\Users\Lenovo\spring-tool-suite-4-4.26.0.RELEASE-e4.33.0-win32.win32.x86_64\sts-4.26.0.RELEASE\plugins\org.eclipse.m2e.maven.runtime_3.9.900.20240824-1409\jars\maven-resolver-provider-3.9.9.jar
2026-08-25 11:51:37,515 [Worker-0: Launching Executing clean in C__Users_Lenovo_Downloads_Order-Positioning-Task_PositionMaintainingService] INFO  o.eclipse.m2e.core.internal.Bundles - 	Entry: C:\Users\Lenovo\spring-tool-suite-4-4.26.0.RELEASE-e4.33.0-win32.win32.x86_64\sts-4.26.0.RELEASE\plugins\org.eclipse.m2e.maven.runtime_3.9.900.20240824-1409\jars\maven-resolver-spi-1.9.22.jar
2026-08-25 11:51:37,515 [Worker-0: Launching Executing clean in C__Users_Lenovo_Downloads_Order-Positioning-Task_PositionMaintainingService] INFO  o.eclipse.m2e.core.internal.Bundles - 	Entry: C:\Users\Lenovo\spring-tool-suite-4-4.26.0.RELEASE-e4.33.0-win32.win32.x86_64\sts-4.26.0.RELEASE\plugins\org.eclipse.m2e.maven.runtime_3.9.900.20240824-1409\jars\maven-resolver-transport-file-1.9.22.jar
2026-08-25 11:51:37,515 [Worker-0: Launching Executing clean in C__Users_Lenovo_Downloads_Order-Positioning-Task_PositionMaintainingService] INFO  o.eclipse.m2e.core.internal.Bundles - 	Entry: C:\Users\Lenovo\spring-tool-suite-4-4.26.0.RELEASE-e4.33.0-win32.win32.x86_64\sts-4.26.0.RELEASE\plugins\org.eclipse.m2e.maven.runtime_3.9.900.20240824-1409\jars\maven-resolver-transport-http-1.9.22.jar
2026-08-25 11:51:37,515 [Worker-0: Launching Executing clean in C__Users_Lenovo_Downloads_Order-Positioning-Task_PositionMaintainingService] INFO  o.eclipse.m2e.core.internal.Bundles - 	Entry: C:\Users\Lenovo\spring-tool-suite-4-4.26.0.RELEASE-e4.33.0-win32.win32.x86_64\sts-4.26.0.RELEASE\plugins\org.eclipse.m2e.maven.runtime_3.9.900.20240824-1409\jars\maven-resolver-transport-wagon-1.9.22.jar
2026-08-25 11:51:37,515 [Worker-0: Launching Executing clean in C__Users_Lenovo_Downloads_Order-Positioning-Task_PositionMaintainingService] INFO  o.eclipse.m2e.core.internal.Bundles - 	Entry: C:\Users\Lenovo\spring-tool-suite-4-4.26.0.RELEASE-e4.33.0-win32.win32.x86_64\sts-4.26.0.RELEASE\plugins\org.eclipse.m2e.maven.runtime_3.9.900.20240824-1409\jars\maven-resolver-util-1.9.22.jar
2026-08-25 11:51:37,515 [Worker-0: Launching Executing clean in C__Users_Lenovo_Downloads_Order-Positioning-Task_PositionMaintainingService] INFO  o.eclipse.m2e.core.internal.Bundles - 	Entry: C:\Users\Lenovo\spring-tool-suite-4-4.26.0.RELEASE-e4.33.0-win32.win32.x86_64\sts-4.26.0.RELEASE\plugins\org.eclipse.m2e.maven.runtime_3.9.900.20240824-1409\jars\maven-settings-3.9.9.jar
2026-08-25 11:51:37,515 [Worker-0: Launching Executing clean in C__Users_Lenovo_Downloads_Order-Positioning-Task_PositionMaintainingService] INFO  o.eclipse.m2e.core.internal.Bundles - 	Entry: C:\Users\Lenovo\spring-tool-suite-4-4.26.0.RELEASE-e4.33.0-win32.win32.x86_64\sts-4.26.0.RELEASE\plugins\org.eclipse.m2e.maven.runtime_3.9.900.20240824-1409\jars\maven-settings-builder-3.9.9.jar
2026-08-25 11:51:37,515 [Worker-0: Launching Executing clean in C__Users_Lenovo_Downloads_Order-Positioning-Task_PositionMaintainingService] INFO  o.eclipse.m2e.core.internal.Bundles - 	Entry: C:\Users\Lenovo\spring-tool-suite-4-4.26.0.RELEASE-e4.33.0-win32.win32.x86_64\sts-4.26.0.RELEASE\plugins\org.eclipse.m2e.maven.runtime_3.9.900.20240824-1409\jars\maven-shared-utils-3.4.2.jar
2026-08-25 11:51:37,515 [Worker-0: Launching Executing clean in C__Users_Lenovo_Downloads_Order-Positioning-Task_PositionMaintainingService] INFO  o.eclipse.m2e.core.internal.Bundles - 	Entry: C:\Users\Lenovo\spring-tool-suite-4-4.26.0.RELEASE-e4.33.0-win32.win32.x86_64\sts-4.26.0.RELEASE\plugins\org.eclipse.m2e.maven.runtime_3.9.900.20240824-1409\jars\org.eclipse.sisu.inject-0.9.0.M3.jar
2026-08-25 11:51:37,515 [Worker-0: Launching Executing clean in C__Users_Lenovo_Downloads_Order-Positioning-Task_PositionMaintainingService] INFO  o.eclipse.m2e.core.internal.Bundles - 	Entry: C:\Users\Lenovo\spring-tool-suite-4-4.26.0.RELEASE-e4.33.0-win32.win32.x86_64\sts-4.26.0.RELEASE\plugins\org.eclipse.m2e.maven.runtime_3.9.900.20240824-1409\jars\org.eclipse.sisu.plexus-0.9.0.M3.jar
2026-08-25 11:51:37,515 [Worker-0: Launching Executing clean in C__Users_Lenovo_Downloads_Order-Positioning-Task_PositionMaintainingService] INFO  o.eclipse.m2e.core.internal.Bundles - 	Entry: C:\Users\Lenovo\spring-tool-suite-4-4.26.0.RELEASE-e4.33.0-win32.win32.x86_64\sts-4.26.0.RELEASE\plugins\org.eclipse.m2e.maven.runtime_3.9.900.20240824-1409\jars\plexus-build-api-0.0.7.jar
2026-08-25 11:51:37,515 [Worker-0: Launching Executing clean in C__Users_Lenovo_Downloads_Order-Positioning-Task_PositionMaintainingService] INFO  o.eclipse.m2e.core.internal.Bundles - 	Entry: C:\Users\Lenovo\spring-tool-suite-4-4.26.0.RELEASE-e4.33.0-win32.win32.x86_64\sts-4.26.0.RELEASE\plugins\org.eclipse.m2e.maven.runtime_3.9.900.20240824-1409\jars\plexus-build-api-1.2.0.jar
2026-08-25 11:51:37,516 [Worker-0: Launching Executing clean in C__Users_Lenovo_Downloads_Order-Positioning-Task_PositionMaintainingService] INFO  o.eclipse.m2e.core.internal.Bundles - 	Entry: C:\Users\Lenovo\spring-tool-suite-4-4.26.0.RELEASE-e4.33.0-win32.win32.x86_64\sts-4.26.0.RELEASE\plugins\org.eclipse.m2e.maven.runtime_3.9.900.20240824-1409\jars\plexus-cipher-2.0.jar
2026-08-25 11:51:37,516 [Worker-0: Launching Executing clean in C__Users_Lenovo_Downloads_Order-Positioning-Task_PositionMaintainingService] INFO  o.eclipse.m2e.core.internal.Bundles - 	Entry: C:\Users\Lenovo\spring-tool-suite-4-4.26.0.RELEASE-e4.33.0-win32.win32.x86_64\sts-4.26.0.RELEASE\plugins\org.eclipse.m2e.maven.runtime_3.9.900.20240824-1409\jars\plexus-classworlds-2.8.0.jar
2026-08-25 11:51:37,516 [Worker-0: Launching Executing clean in C__Users_Lenovo_Downloads_Order-Positioning-Task_PositionMaintainingService] INFO  o.eclipse.m2e.core.internal.Bundles - 	Entry: C:\Users\Lenovo\spring-tool-suite-4-4.26.0.RELEASE-e4.33.0-win32.win32.x86_64\sts-4.26.0.RELEASE\plugins\org.eclipse.m2e.maven.runtime_3.9.900.20240824-1409\jars\plexus-component-annotations-2.1.0.jar
2026-08-25 11:51:37,516 [Worker-0: Launching Executing clean in C__Users_Lenovo_Downloads_Order-Positioning-Task_PositionMaintainingService] INFO  o.eclipse.m2e.core.internal.Bundles - 	Entry: C:\Users\Lenovo\spring-tool-suite-4-4.26.0.RELEASE-e4.33.0-win32.win32.x86_64\sts-4.26.0.RELEASE\plugins\org.eclipse.m2e.maven.runtime_3.9.900.20240824-1409\jars\plexus-interpolation-1.27.jar
2026-08-25 11:51:37,516 [Worker-0: Launching Executing clean in C__Users_Lenovo_Downloads_Order-Positioning-Task_PositionMaintainingService] INFO  o.eclipse.m2e.core.internal.Bundles - 	Entry: C:\Users\Lenovo\spring-tool-suite-4-4.26.0.RELEASE-e4.33.0-win32.win32.x86_64\sts-4.26.0.RELEASE\plugins\org.eclipse.m2e.maven.runtime_3.9.900.20240824-1409\jars\plexus-sec-dispatcher-2.0.jar
2026-08-25 11:51:37,516 [Worker-0: Launching Executing clean in C__Users_Lenovo_Downloads_Order-Positioning-Task_PositionMaintainingService] INFO  o.eclipse.m2e.core.internal.Bundles - 	Entry: C:\Users\Lenovo\spring-tool-suite-4-4.26.0.RELEASE-e4.33.0-win32.win32.x86_64\sts-4.26.0.RELEASE\plugins\org.eclipse.m2e.maven.runtime_3.9.900.20240824-1409\jars\plexus-utils-3.5.1.jar
2026-08-25 11:51:37,516 [Worker-0: Launching Executing clean in C__Users_Lenovo_Downloads_Order-Positioning-Task_PositionMaintainingService] INFO  o.eclipse.m2e.core.internal.Bundles - 	Entry: C:\Users\Lenovo\spring-tool-suite-4-4.26.0.RELEASE-e4.33.0-win32.win32.x86_64\sts-4.26.0.RELEASE\plugins\org.eclipse.m2e.maven.runtime_3.9.900.20240824-1409\jars\plexus-xml-3.0.1.jar
2026-08-25 11:51:37,516 [Worker-0: Launching Executing clean in C__Users_Lenovo_Downloads_Order-Positioning-Task_PositionMaintainingService] INFO  o.eclipse.m2e.core.internal.Bundles - 	Entry: C:\Users\Lenovo\spring-tool-suite-4-4.26.0.RELEASE-e4.33.0-win32.win32.x86_64\sts-4.26.0.RELEASE\plugins\org.eclipse.m2e.maven.runtime_3.9.900.20240824-1409\jars\wagon-file-3.5.3.jar
2026-08-25 11:51:37,516 [Worker-0: Launching Executing clean in C__Users_Lenovo_Downloads_Order-Positioning-Task_PositionMaintainingService] INFO  o.eclipse.m2e.core.internal.Bundles - 	Entry: C:\Users\Lenovo\spring-tool-suite-4-4.26.0.RELEASE-e4.33.0-win32.win32.x86_64\sts-4.26.0.RELEASE\plugins\org.eclipse.m2e.maven.runtime_3.9.900.20240824-1409\jars\wagon-http-3.5.3.jar
2026-08-25 11:51:37,516 [Worker-0: Launching Executing clean in C__Users_Lenovo_Downloads_Order-Positioning-Task_PositionMaintainingService] INFO  o.eclipse.m2e.core.internal.Bundles - 	Entry: C:\Users\Lenovo\spring-tool-suite-4-4.26.0.RELEASE-e4.33.0-win32.win32.x86_64\sts-4.26.0.RELEASE\plugins\org.eclipse.m2e.maven.runtime_3.9.900.20240824-1409\jars\wagon-http-shared-3.5.3.jar
2026-08-25 11:51:37,516 [Worker-0: Launching Executing clean in C__Users_Lenovo_Downloads_Order-Positioning-Task_PositionMaintainingService] INFO  o.eclipse.m2e.core.internal.Bundles - 	Entry: C:\Users\Lenovo\spring-tool-suite-4-4.26.0.RELEASE-e4.33.0-win32.win32.x86_64\sts-4.26.0.RELEASE\plugins\org.eclipse.m2e.maven.runtime_3.9.900.20240824-1409\jars\wagon-provider-api-3.5.3.jar
2026-08-25 11:51:37,517 [Worker-0: Launching Executing clean in C__Users_Lenovo_Downloads_Order-Positioning-Task_PositionMaintainingService] INFO  o.eclipse.m2e.core.internal.Bundles - getClasspathEntries(Bundle=com.google.guava_33.3.0.jre [29])
2026-08-25 11:51:37,519 [Worker-0: Launching Executing clean in C__Users_Lenovo_Downloads_Order-Positioning-Task_PositionMaintainingService] INFO  o.eclipse.m2e.core.internal.Bundles - 	Entry: C:\Users\Lenovo\spring-tool-suite-4-4.26.0.RELEASE-e4.33.0-win32.win32.x86_64\sts-4.26.0.RELEASE\plugins\com.google.guava_33.3.0.jre.jar
2026-08-25 11:51:37,519 [Worker-0: Launching Executing clean in C__Users_Lenovo_Downloads_Order-Positioning-Task_PositionMaintainingService] INFO  o.eclipse.m2e.core.internal.Bundles - getClasspathEntries(Bundle=slf4j.api_2.0.16 [593])
2026-08-25 11:51:37,519 [Worker-0: Launching Executing clean in C__Users_Lenovo_Downloads_Order-Positioning-Task_PositionMaintainingService] INFO  o.eclipse.m2e.core.internal.Bundles - 	Entry: C:\Users\Lenovo\spring-tool-suite-4-4.26.0.RELEASE-e4.33.0-win32.win32.x86_64\sts-4.26.0.RELEASE\plugins\slf4j.api_2.0.16.jar
2026-08-25 11:51:37,519 [Worker-0: Launching Executing clean in C__Users_Lenovo_Downloads_Order-Positioning-Task_PositionMaintainingService] INFO  o.eclipse.m2e.core.internal.Bundles - getClasspathEntries(Bundle=jakarta.inject.jakarta.inject-api_1.0.5 [45])
2026-08-25 11:51:37,519 [Worker-0: Launching Executing clean in C__Users_Lenovo_Downloads_Order-Positioning-Task_PositionMaintainingService] INFO  o.eclipse.m2e.core.internal.Bundles - 	Entry: C:\Users\Lenovo\spring-tool-suite-4-4.26.0.RELEASE-e4.33.0-win32.win32.x86_64\sts-4.26.0.RELEASE\plugins\jakarta.inject.jakarta.inject-api_1.0.5.jar
2026-08-25 11:51:37,519 [Worker-0: Launching Executing clean in C__Users_Lenovo_Downloads_Order-Positioning-Task_PositionMaintainingService] INFO  o.eclipse.m2e.core.internal.Bundles - getClasspathEntries(Bundle=jakarta.annotation-api_1.3.5 [41])
2026-08-25 11:51:37,519 [Worker-0: Launching Executing clean in C__Users_Lenovo_Downloads_Order-Positioning-Task_PositionMaintainingService] INFO  o.eclipse.m2e.core.internal.Bundles - 	Entry: C:\Users\Lenovo\spring-tool-suite-4-4.26.0.RELEASE-e4.33.0-win32.win32.x86_64\sts-4.26.0.RELEASE\plugins\jakarta.annotation-api_1.3.5.jar
2026-08-25 11:51:37,519 [Worker-0: Launching Executing clean in C__Users_Lenovo_Downloads_Order-Positioning-Task_PositionMaintainingService] INFO  o.eclipse.m2e.core.internal.Bundles - getClasspathEntries(Bundle=org.apache.commons.cli_1.9.0 [77])
2026-08-25 11:51:37,519 [Worker-0: Launching Executing clean in C__Users_Lenovo_Downloads_Order-Positioning-Task_PositionMaintainingService] INFO  o.eclipse.m2e.core.internal.Bundles - 	Entry: C:\Users\Lenovo\spring-tool-suite-4-4.26.0.RELEASE-e4.33.0-win32.win32.x86_64\sts-4.26.0.RELEASE\plugins\org.apache.commons.cli_1.9.0.jar
2026-08-25 11:51:37,519 [Worker-0: Launching Executing clean in C__Users_Lenovo_Downloads_Order-Positioning-Task_PositionMaintainingService] INFO  o.eclipse.m2e.core.internal.Bundles - getClasspathEntries(Bundle=org.apache.commons.commons-codec_1.16.0 [80])
2026-08-25 11:51:37,519 [Worker-0: Launching Executing clean in C__Users_Lenovo_Downloads_Order-Positioning-Task_PositionMaintainingService] INFO  o.eclipse.m2e.core.internal.Bundles - 	Entry: C:\Users\Lenovo\spring-tool-suite-4-4.26.0.RELEASE-e4.33.0-win32.win32.x86_64\sts-4.26.0.RELEASE\plugins\org.apache.commons.commons-codec_1.16.0.jar
2026-08-25 11:51:37,519 [Worker-0: Launching Executing clean in C__Users_Lenovo_Downloads_Order-Positioning-Task_PositionMaintainingService] INFO  o.eclipse.m2e.core.internal.Bundles - getClasspathEntries(Bundle=com.google.guava.failureaccess_1.0.2 [30])
2026-08-25 11:51:37,519 [Worker-0: Launching Executing clean in C__Users_Lenovo_Downloads_Order-Positioning-Task_PositionMaintainingService] INFO  o.eclipse.m2e.core.internal.Bundles - 	Entry: C:\Users\Lenovo\spring-tool-suite-4-4.26.0.RELEASE-e4.33.0-win32.win32.x86_64\sts-4.26.0.RELEASE\plugins\com.google.guava.failureaccess_1.0.2.jar
2026-08-25 11:51:37,526 [Worker-0: Launching Executing clean in C__Users_Lenovo_Downloads_Order-Positioning-Task_PositionMaintainingService] INFO  o.e.m.i.launch.MavenLaunchDelegate - Run build in "C:\Users\Lenovo\Downloads\Order-Positioning-Task\PositionMaintainingService":
2026-08-25 11:51:37,528 [Worker-0: Launching Executing clean in C__Users_Lenovo_Downloads_Order-Positioning-Task_PositionMaintainingService] INFO  o.e.m.i.launch.MavenLaunchDelegate -  mvn  -B -Dstyle.color=always clean
2026-08-25 11:51:39,320 [Worker-8: Building] INFO  o.a.m.s.f.DefaultMavenResourcesFiltering - Copying 1 resource from src\main\resources to target\classes
2026-08-25 11:51:39,322 [Worker-8: Building] INFO  o.a.m.s.f.DefaultMavenResourcesFiltering - Copying 0 resource from src\main\resources to target\classes
2026-08-25 11:51:39,325 [Worker-8: Building] INFO  o.a.m.s.f.DefaultMavenResourcesFiltering - skip non existing resourceDirectory C:\Users\Lenovo\Downloads\Order-Positioning-Task\PositionMaintainingService\src\test\resources
2026-08-25 11:51:39,331 [Worker-8: Building] WARN  Sisu - Error injecting: org.apache.maven.plugins.jar.JarMojo
com.google.inject.ProvisionException: Unable to provision, see the following errors:

1) [Guice/ErrorInCustomProvider]: OutOfScopeException: Cannot access Key[type=MavenProject, annotation=[none]] outside of a scoping block
  at MojoExecutionScopeModule.configure(MojoExecutionScopeModule.java:47)
      \_ installed by: WireModule -> MojoExecutionScopeModule
  at JarMojo.<init>(JarMojo.java:72)
      \_ for 1st parameter
  while locating JarMojo

Learn more:
  https://github.com/google/guice/wiki/ERROR_IN_CUSTOM_PROVIDER

1 error

======================
Full classname legend:
======================
JarMojo:                  "org.apache.maven.plugins.jar.JarMojo"
MavenProject:             "org.apache.maven.project.MavenProject"
MojoExecutionScopeModule: "org.apache.maven.execution.scope.internal.MojoExecutionScopeModule"
OutOfScopeException:      "com.google.inject.OutOfScopeException"
WireModule:               "org.eclipse.sisu.wire.WireModule"
========================
End of classname legend:
========================

	at com.google.inject.internal.InternalProvisionException.toProvisionException(InternalProvisionException.java:251)
	at com.google.inject.internal.InjectorImpl$1.get(InjectorImpl.java:1104)
	at com.google.inject.internal.InjectorImpl.getInstance(InjectorImpl.java:1139)
	at org.eclipse.sisu.space.AbstractDeferredClass.get(AbstractDeferredClass.java:50)
	at com.google.inject.internal.ProviderInternalFactory.provision(ProviderInternalFactory.java:86)
	at com.google.inject.internal.InternalFactoryToInitializableAdapter.provision(InternalFactoryToInitializableAdapter.java:57)
	at com.google.inject.internal.ProviderInternalFactory$1.call(ProviderInternalFactory.java:67)
	at com.google.inject.internal.ProvisionListenerStackCallback$Provision.provision(ProvisionListenerStackCallback.java:109)
	at com.google.inject.internal.ProvisionListenerStackCallback$Provision.provision(ProvisionListenerStackCallback.java:124)
	at com.google.inject.internal.ProvisionListenerStackCallback.provision(ProvisionListenerStackCallback.java:66)
	at com.google.inject.internal.ProviderInternalFactory.circularGet(ProviderInternalFactory.java:62)
	at com.google.inject.internal.InternalFactoryToInitializableAdapter.get(InternalFactoryToInitializableAdapter.java:47)
	at com.google.inject.internal.InjectorImpl$1.get(InjectorImpl.java:1101)
	at org.eclipse.sisu.inject.Guice4$2.get(Guice4.java:235)
	at org.eclipse.sisu.inject.LazyBeanEntry.getValue(LazyBeanEntry.java:83)
	at org.eclipse.sisu.plexus.LazyPlexusBean.getValue(LazyPlexusBean.java:53)
	at org.codehaus.plexus.DefaultPlexusContainer.lookup(DefaultPlexusContainer.java:265)
	at org.codehaus.plexus.DefaultPlexusContainer.lookup(DefaultPlexusContainer.java:257)
	at org.apache.maven.plugin.internal.DefaultMavenPluginManager.getConfiguredMojo(DefaultMavenPluginManager.java:491)
	at org.eclipse.m2e.core.internal.embedder.MavenImpl.getConfiguredMojo(MavenImpl.java:206)
	at org.eclipse.m2e.mavenarchiver.internal.AbstractMavenArchiverConfigurator.reflectManifestGeneration(AbstractMavenArchiverConfigurator.java:439)
	at org.eclipse.m2e.mavenarchiver.internal.AbstractMavenArchiverConfigurator.lambda$3(AbstractMavenArchiverConfigurator.java:398)
	at org.eclipse.m2e.core.internal.embedder.MavenExecutionContext.executeBare(MavenExecutionContext.java:458)
	at org.eclipse.m2e.core.internal.embedder.MavenExecutionContext.execute(MavenExecutionContext.java:339)
	at org.eclipse.m2e.core.internal.embedder.MavenExecutionContext.execute(MavenExecutionContext.java:278)
	at org.eclipse.m2e.mavenarchiver.internal.AbstractMavenArchiverConfigurator.generateManifest(AbstractMavenArchiverConfigurator.java:371)
	at org.eclipse.m2e.mavenarchiver.internal.AbstractMavenArchiverConfigurator.mavenProjectChanged(AbstractMavenArchiverConfigurator.java:228)
	at org.eclipse.m2e.mavenarchiver.internal.AbstractMavenArchiverConfigurator$1.build(AbstractMavenArchiverConfigurator.java:178)
	at org.eclipse.m2e.core.internal.builder.MavenBuilderImpl.lambda$2(MavenBuilderImpl.java:159)
	at java.base/java.util.LinkedHashMap.forEach(LinkedHashMap.java:986)
	at org.eclipse.m2e.core.internal.builder.MavenBuilderImpl.build(MavenBuilderImpl.java:139)
	at org.eclipse.m2e.core.internal.builder.MavenBuilder$1.method(MavenBuilder.java:164)
	at org.eclipse.m2e.core.internal.builder.MavenBuilder$1.method(MavenBuilder.java:1)
	at org.eclipse.m2e.core.internal.builder.MavenBuilder$BuildMethod.lambda$1(MavenBuilder.java:109)
	at org.eclipse.m2e.core.internal.embedder.MavenExecutionContext.executeBare(MavenExecutionContext.java:458)
	at org.eclipse.m2e.core.internal.embedder.MavenExecutionContext.execute(MavenExecutionContext.java:292)
	at org.eclipse.m2e.core.internal.builder.MavenBuilder$BuildMethod.lambda$0(MavenBuilder.java:100)
	at org.eclipse.m2e.core.internal.embedder.MavenExecutionContext.executeBare(MavenExecutionContext.java:458)
	at org.eclipse.m2e.core.internal.embedder.MavenExecutionContext.execute(MavenExecutionContext.java:339)
	at org.eclipse.m2e.core.internal.embedder.MavenExecutionContext.execute(MavenExecutionContext.java:278)
	at org.eclipse.m2e.core.internal.builder.MavenBuilder$BuildMethod.execute(MavenBuilder.java:83)
	at org.eclipse.m2e.core.internal.builder.MavenBuilder.build(MavenBuilder.java:192)
	at org.eclipse.core.internal.events.BuildManager$2.run(BuildManager.java:1077)
	at org.eclipse.core.runtime.SafeRunner.run(SafeRunner.java:47)
	at org.eclipse.core.internal.events.BuildManager.basicBuild(BuildManager.java:296)
	at org.eclipse.core.internal.events.BuildManager.basicBuild(BuildManager.java:352)
	at org.eclipse.core.internal.events.BuildManager$1.run(BuildManager.java:441)
	at org.eclipse.core.runtime.SafeRunner.run(SafeRunner.java:47)
	at org.eclipse.core.internal.events.BuildManager.basicBuild(BuildManager.java:444)
	at org.eclipse.core.internal.events.BuildManager.basicBuildLoop(BuildManager.java:555)
	at org.eclipse.core.internal.events.BuildManager.basicBuildLoop(BuildManager.java:503)
	at org.eclipse.core.internal.events.BuildManager.build(BuildManager.java:585)
	at org.eclipse.core.internal.events.AutoBuildJob.doBuild(AutoBuildJob.java:207)
	at org.eclipse.core.internal.events.AutoBuildJob.run(AutoBuildJob.java:300)
	at org.eclipse.core.internal.jobs.Worker.run(Worker.java:63)
Caused by: com.google.inject.OutOfScopeException: Cannot access Key[type=org.apache.maven.project.MavenProject, annotation=[none]] outside of a scoping block
	at org.apache.maven.execution.scope.internal.MojoExecutionScope$2.get(MojoExecutionScope.java:99)
	at com.google.inject.internal.InternalFactoryToProviderAdapter.get(InternalFactoryToProviderAdapter.java:45)
	at com.google.inject.internal.SingleParameterInjector.inject(SingleParameterInjector.java:40)
	at com.google.inject.internal.SingleParameterInjector.getAll(SingleParameterInjector.java:60)
	at com.google.inject.internal.ConstructorInjector.provision(ConstructorInjector.java:113)
	at com.google.inject.internal.ConstructorInjector.access$000(ConstructorInjector.java:33)
	at com.google.inject.internal.ConstructorInjector$1.call(ConstructorInjector.java:98)
	at com.google.inject.internal.ProvisionListenerStackCallback$Provision.provision(ProvisionListenerStackCallback.java:109)
	at com.google.inject.internal.ProvisionListenerStackCallback$Provision.provision(ProvisionListenerStackCallback.java:124)
	at com.google.inject.internal.ProvisionListenerStackCallback.provision(ProvisionListenerStackCallback.java:66)
	at com.google.inject.internal.ConstructorInjector.construct(ConstructorInjector.java:93)
	at com.google.inject.internal.ConstructorBindingImpl$Factory.get(ConstructorBindingImpl.java:300)
	at com.google.inject.internal.InjectorImpl$1.get(InjectorImpl.java:1101)
	... 53 common frames omitted
2026-08-25 11:52:07,686 [Worker-0: Updating Maven Project] INFO  o.e.m.c.i.p.ProjectConfigurationManager - Update started
2026-08-25 11:52:07,946 [Worker-0: Updating Maven Project] INFO  o.e.m.c.i.l.LifecycleMappingFactory - Using org.eclipse.m2e.jdt.JarLifecycleMapping lifecycle mapping for MavenProject: com.example:PositionMaintainingService:0.0.1-SNAPSHOT @ C:\Users\Lenovo\Downloads\Order-Positioning-Task\PositionMaintainingService\pom.xml.
2026-08-25 11:52:08,102 [Worker-0: Updating Maven Project] WARN  Sisu - Error injecting: org.apache.maven.plugins.jar.JarMojo
com.google.inject.ProvisionException: Unable to provision, see the following errors:

1) [Guice/ErrorInCustomProvider]: OutOfScopeException: Cannot access Key[type=MavenProject, annotation=[none]] outside of a scoping block
  at MojoExecutionScopeModule.configure(MojoExecutionScopeModule.java:47)
      \_ installed by: WireModule -> MojoExecutionScopeModule
  at JarMojo.<init>(JarMojo.java:72)
      \_ for 1st parameter
  while locating JarMojo

Learn more:
  https://github.com/google/guice/wiki/ERROR_IN_CUSTOM_PROVIDER

1 error

======================
Full classname legend:
======================
JarMojo:                  "org.apache.maven.plugins.jar.JarMojo"
MavenProject:             "org.apache.maven.project.MavenProject"
MojoExecutionScopeModule: "org.apache.maven.execution.scope.internal.MojoExecutionScopeModule"
OutOfScopeException:      "com.google.inject.OutOfScopeException"
WireModule:               "org.eclipse.sisu.wire.WireModule"
========================
End of classname legend:
========================

	at com.google.inject.internal.InternalProvisionException.toProvisionException(InternalProvisionException.java:251)
	at com.google.inject.internal.InjectorImpl$1.get(InjectorImpl.java:1104)
	at com.google.inject.internal.InjectorImpl.getInstance(InjectorImpl.java:1139)
	at org.eclipse.sisu.space.AbstractDeferredClass.get(AbstractDeferredClass.java:50)
	at com.google.inject.internal.ProviderInternalFactory.provision(ProviderInternalFactory.java:86)
	at com.google.inject.internal.InternalFactoryToInitializableAdapter.provision(InternalFactoryToInitializableAdapter.java:57)
	at com.google.inject.internal.ProviderInternalFactory$1.call(ProviderInternalFactory.java:67)
	at com.google.inject.internal.ProvisionListenerStackCallback$Provision.provision(ProvisionListenerStackCallback.java:109)
	at com.google.inject.internal.ProvisionListenerStackCallback$Provision.provision(ProvisionListenerStackCallback.java:124)
	at com.google.inject.internal.ProvisionListenerStackCallback.provision(ProvisionListenerStackCallback.java:66)
	at com.google.inject.internal.ProviderInternalFactory.circularGet(ProviderInternalFactory.java:62)
	at com.google.inject.internal.InternalFactoryToInitializableAdapter.get(InternalFactoryToInitializableAdapter.java:47)
	at com.google.inject.internal.InjectorImpl$1.get(InjectorImpl.java:1101)
	at org.eclipse.sisu.inject.Guice4$2.get(Guice4.java:235)
	at org.eclipse.sisu.inject.LazyBeanEntry.getValue(LazyBeanEntry.java:83)
	at org.eclipse.sisu.plexus.LazyPlexusBean.getValue(LazyPlexusBean.java:53)
	at org.codehaus.plexus.DefaultPlexusContainer.lookup(DefaultPlexusContainer.java:265)
	at org.codehaus.plexus.DefaultPlexusContainer.lookup(DefaultPlexusContainer.java:257)
	at org.apache.maven.plugin.internal.DefaultMavenPluginManager.getConfiguredMojo(DefaultMavenPluginManager.java:491)
	at org.eclipse.m2e.core.internal.embedder.MavenImpl.getConfiguredMojo(MavenImpl.java:206)
	at org.eclipse.m2e.mavenarchiver.internal.AbstractMavenArchiverConfigurator.reflectManifestGeneration(AbstractMavenArchiverConfigurator.java:439)
	at org.eclipse.m2e.mavenarchiver.internal.AbstractMavenArchiverConfigurator.lambda$3(AbstractMavenArchiverConfigurator.java:398)
	at org.eclipse.m2e.core.internal.embedder.MavenExecutionContext.executeBare(MavenExecutionContext.java:458)
	at org.eclipse.m2e.core.internal.embedder.MavenExecutionContext.execute(MavenExecutionContext.java:339)
	at org.eclipse.m2e.core.internal.embedder.MavenExecutionContext.execute(MavenExecutionContext.java:278)
	at org.eclipse.m2e.mavenarchiver.internal.AbstractMavenArchiverConfigurator.generateManifest(AbstractMavenArchiverConfigurator.java:371)
	at org.eclipse.m2e.mavenarchiver.internal.AbstractMavenArchiverConfigurator.mavenProjectChanged(AbstractMavenArchiverConfigurator.java:228)
	at org.eclipse.m2e.mavenarchiver.internal.AbstractMavenArchiverConfigurator.mavenProjectChanged(AbstractMavenArchiverConfigurator.java:220)
	at org.eclipse.m2e.core.internal.project.ProjectConfigurationManager.mavenProjectChanged(ProjectConfigurationManager.java:885)
	at org.eclipse.m2e.core.internal.project.registry.ProjectRegistryManager.notifyProjectChangeListeners(ProjectRegistryManager.java:892)
	at org.eclipse.m2e.core.internal.project.registry.ProjectRegistryManager.applyMutableProjectRegistry(ProjectRegistryManager.java:1042)
	at org.eclipse.m2e.core.internal.project.registry.ProjectRegistryManager.refresh(ProjectRegistryManager.java:324)
	at org.eclipse.m2e.core.internal.project.ProjectConfigurationManager.updateProjectConfiguration0(ProjectConfigurationManager.java:388)
	at org.eclipse.m2e.core.internal.project.ProjectConfigurationManager.lambda$3(ProjectConfigurationManager.java:340)
	at org.eclipse.m2e.core.internal.embedder.MavenExecutionContext.executeBare(MavenExecutionContext.java:458)
	at org.eclipse.m2e.core.internal.embedder.MavenExecutionContext.execute(MavenExecutionContext.java:339)
	at org.eclipse.m2e.core.internal.embedder.MavenExecutionContext.execute(MavenExecutionContext.java:278)
	at org.eclipse.m2e.core.internal.embedder.MavenImpl.execute(MavenImpl.java:1053)
	at org.eclipse.m2e.core.internal.project.ProjectConfigurationManager.updateProjectConfiguration(ProjectConfigurationManager.java:339)
	at org.eclipse.m2e.core.ui.internal.UpdateMavenProjectJob.runInWorkspace(UpdateMavenProjectJob.java:80)
	at org.eclipse.core.internal.resources.InternalWorkspaceJob.run(InternalWorkspaceJob.java:43)
	at org.eclipse.core.internal.jobs.Worker.run(Worker.java:63)
Caused by: com.google.inject.OutOfScopeException: Cannot access Key[type=org.apache.maven.project.MavenProject, annotation=[none]] outside of a scoping block
	at org.apache.maven.execution.scope.internal.MojoExecutionScope$2.get(MojoExecutionScope.java:99)
	at com.google.inject.internal.InternalFactoryToProviderAdapter.get(InternalFactoryToProviderAdapter.java:45)
	at com.google.inject.internal.SingleParameterInjector.inject(SingleParameterInjector.java:40)
	at com.google.inject.internal.SingleParameterInjector.getAll(SingleParameterInjector.java:60)
	at com.google.inject.internal.ConstructorInjector.provision(ConstructorInjector.java:113)
	at com.google.inject.internal.ConstructorInjector.access$000(ConstructorInjector.java:33)
	at com.google.inject.internal.ConstructorInjector$1.call(ConstructorInjector.java:98)
	at com.google.inject.internal.ProvisionListenerStackCallback$Provision.provision(ProvisionListenerStackCallback.java:109)
	at com.google.inject.internal.ProvisionListenerStackCallback$Provision.provision(ProvisionListenerStackCallback.java:124)
	at com.google.inject.internal.ProvisionListenerStackCallback.provision(ProvisionListenerStackCallback.java:66)
	at com.google.inject.internal.ConstructorInjector.construct(ConstructorInjector.java:93)
	at com.google.inject.internal.ConstructorBindingImpl$Factory.get(ConstructorBindingImpl.java:300)
	at com.google.inject.internal.InjectorImpl$1.get(InjectorImpl.java:1101)
	... 40 common frames omitted
2026-08-25 11:52:08,209 [Worker-0: Updating Maven Project] INFO  o.e.m.j.i.AbstractJavaProjectConfigurator - Adding source folder /PositionMaintainingService/src/main/java
2026-08-25 11:52:08,210 [Worker-0: Updating Maven Project] INFO  o.e.m.j.i.AbstractJavaProjectConfigurator - Adding resource folder /PositionMaintainingService/src/main/resources
2026-08-25 11:52:08,210 [Worker-0: Updating Maven Project] INFO  o.e.m.j.i.AbstractJavaProjectConfigurator - Adding resource folder /PositionMaintainingService/src/main/resources
2026-08-25 11:52:08,211 [Worker-0: Updating Maven Project] INFO  o.e.m.j.i.AbstractJavaProjectConfigurator - Adding source folder /PositionMaintainingService/src/test/java
2026-08-25 11:52:08,211 [Worker-0: Updating Maven Project] INFO  o.e.m.j.i.AbstractJavaProjectConfigurator - Adding resource folder /PositionMaintainingService/src/test/resources
2026-08-25 11:52:08,400 [Worker-0: Updating Maven Project] INFO  o.e.m.c.i.p.ProjectConfigurationManager - Update completed for 1 poms: local refresh takes 0.00 sec, refresh facades takes 0.00 sec, update config takes 0.00 sec 
2026-08-25 11:52:08,738 [Worker-9: Building] INFO  o.a.m.s.f.DefaultMavenResourcesFiltering - Copying 1 resource from src\main\resources to target\classes
2026-08-25 11:52:08,749 [Worker-9: Building] INFO  o.a.m.s.f.DefaultMavenResourcesFiltering - Copying 0 resource from src\main\resources to target\classes
2026-08-25 11:52:08,753 [Worker-9: Building] INFO  o.a.m.s.f.DefaultMavenResourcesFiltering - skip non existing resourceDirectory C:\Users\Lenovo\Downloads\Order-Positioning-Task\PositionMaintainingService\src\test\resources
2026-08-25 11:52:08,758 [Worker-9: Building] WARN  Sisu - Error injecting: org.apache.maven.plugins.jar.JarMojo
com.google.inject.ProvisionException: Unable to provision, see the following errors:

1) [Guice/ErrorInCustomProvider]: OutOfScopeException: Cannot access Key[type=MavenProject, annotation=[none]] outside of a scoping block
  at MojoExecutionScopeModule.configure(MojoExecutionScopeModule.java:47)
      \_ installed by: WireModule -> MojoExecutionScopeModule
  at JarMojo.<init>(JarMojo.java:72)
      \_ for 1st parameter
  while locating JarMojo

Learn more:
  https://github.com/google/guice/wiki/ERROR_IN_CUSTOM_PROVIDER

1 error

======================
Full classname legend:
======================
JarMojo:                  "org.apache.maven.plugins.jar.JarMojo"
MavenProject:             "org.apache.maven.project.MavenProject"
MojoExecutionScopeModule: "org.apache.maven.execution.scope.internal.MojoExecutionScopeModule"
OutOfScopeException:      "com.google.inject.OutOfScopeException"
WireModule:               "org.eclipse.sisu.wire.WireModule"
========================
End of classname legend:
========================

	at com.google.inject.internal.InternalProvisionException.toProvisionException(InternalProvisionException.java:251)
	at com.google.inject.internal.InjectorImpl$1.get(InjectorImpl.java:1104)
	at com.google.inject.internal.InjectorImpl.getInstance(InjectorImpl.java:1139)
	at org.eclipse.sisu.space.AbstractDeferredClass.get(AbstractDeferredClass.java:50)
	at com.google.inject.internal.ProviderInternalFactory.provision(ProviderInternalFactory.java:86)
	at com.google.inject.internal.InternalFactoryToInitializableAdapter.provision(InternalFactoryToInitializableAdapter.java:57)
	at com.google.inject.internal.ProviderInternalFactory$1.call(ProviderInternalFactory.java:67)
	at com.google.inject.internal.ProvisionListenerStackCallback$Provision.provision(ProvisionListenerStackCallback.java:109)
	at com.google.inject.internal.ProvisionListenerStackCallback$Provision.provision(ProvisionListenerStackCallback.java:124)
	at com.google.inject.internal.ProvisionListenerStackCallback.provision(ProvisionListenerStackCallback.java:66)
	at com.google.inject.internal.ProviderInternalFactory.circularGet(ProviderInternalFactory.java:62)
	at com.google.inject.internal.InternalFactoryToInitializableAdapter.get(InternalFactoryToInitializableAdapter.java:47)
	at com.google.inject.internal.InjectorImpl$1.get(InjectorImpl.java:1101)
	at org.eclipse.sisu.inject.Guice4$2.get(Guice4.java:235)
	at org.eclipse.sisu.inject.LazyBeanEntry.getValue(LazyBeanEntry.java:83)
	at org.eclipse.sisu.plexus.LazyPlexusBean.getValue(LazyPlexusBean.java:53)
	at org.codehaus.plexus.DefaultPlexusContainer.lookup(DefaultPlexusContainer.java:265)
	at org.codehaus.plexus.DefaultPlexusContainer.lookup(DefaultPlexusContainer.java:257)
	at org.apache.maven.plugin.internal.DefaultMavenPluginManager.getConfiguredMojo(DefaultMavenPluginManager.java:491)
	at org.eclipse.m2e.core.internal.embedder.MavenImpl.getConfiguredMojo(MavenImpl.java:206)
	at org.eclipse.m2e.mavenarchiver.internal.AbstractMavenArchiverConfigurator.reflectManifestGeneration(AbstractMavenArchiverConfigurator.java:439)
	at org.eclipse.m2e.mavenarchiver.internal.AbstractMavenArchiverConfigurator.lambda$3(AbstractMavenArchiverConfigurator.java:398)
	at org.eclipse.m2e.core.internal.embedder.MavenExecutionContext.executeBare(MavenExecutionContext.java:458)
	at org.eclipse.m2e.core.internal.embedder.MavenExecutionContext.execute(MavenExecutionContext.java:339)
	at org.eclipse.m2e.core.internal.embedder.MavenExecutionContext.execute(MavenExecutionContext.java:278)
	at org.eclipse.m2e.mavenarchiver.internal.AbstractMavenArchiverConfigurator.generateManifest(AbstractMavenArchiverConfigurator.java:371)
	at org.eclipse.m2e.mavenarchiver.internal.AbstractMavenArchiverConfigurator.mavenProjectChanged(AbstractMavenArchiverConfigurator.java:228)
	at org.eclipse.m2e.mavenarchiver.internal.AbstractMavenArchiverConfigurator$1.build(AbstractMavenArchiverConfigurator.java:178)
	at org.eclipse.m2e.core.internal.builder.MavenBuilderImpl.lambda$2(MavenBuilderImpl.java:159)
	at java.base/java.util.LinkedHashMap.forEach(LinkedHashMap.java:986)
	at org.eclipse.m2e.core.internal.builder.MavenBuilderImpl.build(MavenBuilderImpl.java:139)
	at org.eclipse.m2e.core.internal.builder.MavenBuilder$1.method(MavenBuilder.java:164)
	at org.eclipse.m2e.core.internal.builder.MavenBuilder$1.method(MavenBuilder.java:1)
	at org.eclipse.m2e.core.internal.builder.MavenBuilder$BuildMethod.lambda$1(MavenBuilder.java:109)
	at org.eclipse.m2e.core.internal.embedder.MavenExecutionContext.executeBare(MavenExecutionContext.java:458)
	at org.eclipse.m2e.core.internal.embedder.MavenExecutionContext.execute(MavenExecutionContext.java:292)
	at org.eclipse.m2e.core.internal.builder.MavenBuilder$BuildMethod.lambda$0(MavenBuilder.java:100)
	at org.eclipse.m2e.core.internal.embedder.MavenExecutionContext.executeBare(MavenExecutionContext.java:458)
	at org.eclipse.m2e.core.internal.embedder.MavenExecutionContext.execute(MavenExecutionContext.java:339)
	at org.eclipse.m2e.core.internal.embedder.MavenExecutionContext.execute(MavenExecutionContext.java:278)
	at org.eclipse.m2e.core.internal.builder.MavenBuilder$BuildMethod.execute(MavenBuilder.java:83)
	at org.eclipse.m2e.core.internal.builder.MavenBuilder.build(MavenBuilder.java:192)
	at org.eclipse.core.internal.events.BuildManager$2.run(BuildManager.java:1077)
	at org.eclipse.core.runtime.SafeRunner.run(SafeRunner.java:47)
	at org.eclipse.core.internal.events.BuildManager.basicBuild(BuildManager.java:296)
	at org.eclipse.core.internal.events.BuildManager.basicBuild(BuildManager.java:352)
	at org.eclipse.core.internal.events.BuildManager$1.run(BuildManager.java:441)
	at org.eclipse.core.runtime.SafeRunner.run(SafeRunner.java:47)
	at org.eclipse.core.internal.events.BuildManager.basicBuild(BuildManager.java:444)
	at org.eclipse.core.internal.events.BuildManager.basicBuildLoop(BuildManager.java:555)
	at org.eclipse.core.internal.events.BuildManager.basicBuildLoop(BuildManager.java:503)
	at org.eclipse.core.internal.events.BuildManager.build(BuildManager.java:585)
	at org.eclipse.core.internal.events.AutoBuildJob.doBuild(AutoBuildJob.java:207)
	at org.eclipse.core.internal.events.AutoBuildJob.run(AutoBuildJob.java:300)
	at org.eclipse.core.internal.jobs.Worker.run(Worker.java:63)
Caused by: com.google.inject.OutOfScopeException: Cannot access Key[type=org.apache.maven.project.MavenProject, annotation=[none]] outside of a scoping block
	at org.apache.maven.execution.scope.internal.MojoExecutionScope$2.get(MojoExecutionScope.java:99)
	at com.google.inject.internal.InternalFactoryToProviderAdapter.get(InternalFactoryToProviderAdapter.java:45)
	at com.google.inject.internal.SingleParameterInjector.inject(SingleParameterInjector.java:40)
	at com.google.inject.internal.SingleParameterInjector.getAll(SingleParameterInjector.java:60)
	at com.google.inject.internal.ConstructorInjector.provision(ConstructorInjector.java:113)
	at com.google.inject.internal.ConstructorInjector.access$000(ConstructorInjector.java:33)
	at com.google.inject.internal.ConstructorInjector$1.call(ConstructorInjector.java:98)
	at com.google.inject.internal.ProvisionListenerStackCallback$Provision.provision(ProvisionListenerStackCallback.java:109)
	at com.google.inject.internal.ProvisionListenerStackCallback$Provision.provision(ProvisionListenerStackCallback.java:124)
	at com.google.inject.internal.ProvisionListenerStackCallback.provision(ProvisionListenerStackCallback.java:66)
	at com.google.inject.internal.ConstructorInjector.construct(ConstructorInjector.java:93)
	at com.google.inject.internal.ConstructorBindingImpl$Factory.get(ConstructorBindingImpl.java:300)
	at com.google.inject.internal.InjectorImpl$1.get(InjectorImpl.java:1101)
	... 53 common frames omitted
2026-08-25 11:52:35,465 [Worker-7: Importing Maven projects] INFO  o.e.m.c.i.l.LifecycleMappingFactory - Using org.eclipse.m2e.jdt.JarLifecycleMapping lifecycle mapping for MavenProject: com.example:OrderUpdateService:0.0.1-SNAPSHOT @ C:\Users\Lenovo\Downloads\Order-Positioning-Task\OrderUpdateService\pom.xml.
2026-08-25 11:52:35,703 [Worker-7: Importing Maven projects] WARN  Sisu - Error injecting: org.apache.maven.plugins.jar.JarMojo
com.google.inject.ProvisionException: Unable to provision, see the following errors:

1) [Guice/ErrorInCustomProvider]: OutOfScopeException: Cannot access Key[type=MavenProject, annotation=[none]] outside of a scoping block
  at MojoExecutionScopeModule.configure(MojoExecutionScopeModule.java:47)
      \_ installed by: WireModule -> MojoExecutionScopeModule
  at JarMojo.<init>(JarMojo.java:72)
      \_ for 1st parameter
  while locating JarMojo

Learn more:
  https://github.com/google/guice/wiki/ERROR_IN_CUSTOM_PROVIDER

1 error

======================
Full classname legend:
======================
JarMojo:                  "org.apache.maven.plugins.jar.JarMojo"
MavenProject:             "org.apache.maven.project.MavenProject"
MojoExecutionScopeModule: "org.apache.maven.execution.scope.internal.MojoExecutionScopeModule"
OutOfScopeException:      "com.google.inject.OutOfScopeException"
WireModule:               "org.eclipse.sisu.wire.WireModule"
========================
End of classname legend:
========================

	at com.google.inject.internal.InternalProvisionException.toProvisionException(InternalProvisionException.java:251)
	at com.google.inject.internal.InjectorImpl$1.get(InjectorImpl.java:1104)
	at com.google.inject.internal.InjectorImpl.getInstance(InjectorImpl.java:1139)
	at org.eclipse.sisu.space.AbstractDeferredClass.get(AbstractDeferredClass.java:50)
	at com.google.inject.internal.ProviderInternalFactory.provision(ProviderInternalFactory.java:86)
	at com.google.inject.internal.InternalFactoryToInitializableAdapter.provision(InternalFactoryToInitializableAdapter.java:57)
	at com.google.inject.internal.ProviderInternalFactory$1.call(ProviderInternalFactory.java:67)
	at com.google.inject.internal.ProvisionListenerStackCallback$Provision.provision(ProvisionListenerStackCallback.java:109)
	at com.google.inject.internal.ProvisionListenerStackCallback$Provision.provision(ProvisionListenerStackCallback.java:124)
	at com.google.inject.internal.ProvisionListenerStackCallback.provision(ProvisionListenerStackCallback.java:66)
	at com.google.inject.internal.ProviderInternalFactory.circularGet(ProviderInternalFactory.java:62)
	at com.google.inject.internal.InternalFactoryToInitializableAdapter.get(InternalFactoryToInitializableAdapter.java:47)
	at com.google.inject.internal.InjectorImpl$1.get(InjectorImpl.java:1101)
	at org.eclipse.sisu.inject.Guice4$2.get(Guice4.java:235)
	at org.eclipse.sisu.inject.LazyBeanEntry.getValue(LazyBeanEntry.java:83)
	at org.eclipse.sisu.plexus.LazyPlexusBean.getValue(LazyPlexusBean.java:53)
	at org.codehaus.plexus.DefaultPlexusContainer.lookup(DefaultPlexusContainer.java:265)
	at org.codehaus.plexus.DefaultPlexusContainer.lookup(DefaultPlexusContainer.java:257)
	at org.apache.maven.plugin.internal.DefaultMavenPluginManager.getConfiguredMojo(DefaultMavenPluginManager.java:491)
	at org.eclipse.m2e.core.internal.embedder.MavenImpl.getConfiguredMojo(MavenImpl.java:206)
	at org.eclipse.m2e.mavenarchiver.internal.AbstractMavenArchiverConfigurator.reflectManifestGeneration(AbstractMavenArchiverConfigurator.java:439)
	at org.eclipse.m2e.mavenarchiver.internal.AbstractMavenArchiverConfigurator.lambda$3(AbstractMavenArchiverConfigurator.java:398)
	at org.eclipse.m2e.core.internal.embedder.MavenExecutionContext.executeBare(MavenExecutionContext.java:458)
	at org.eclipse.m2e.core.internal.embedder.MavenExecutionContext.execute(MavenExecutionContext.java:339)
	at org.eclipse.m2e.core.internal.embedder.MavenExecutionContext.execute(MavenExecutionContext.java:278)
	at org.eclipse.m2e.mavenarchiver.internal.AbstractMavenArchiverConfigurator.generateManifest(AbstractMavenArchiverConfigurator.java:371)
	at org.eclipse.m2e.mavenarchiver.internal.AbstractMavenArchiverConfigurator.mavenProjectChanged(AbstractMavenArchiverConfigurator.java:228)
	at org.eclipse.m2e.mavenarchiver.internal.AbstractMavenArchiverConfigurator.mavenProjectChanged(AbstractMavenArchiverConfigurator.java:220)
	at org.eclipse.m2e.core.internal.project.ProjectConfigurationManager.mavenProjectChanged(ProjectConfigurationManager.java:885)
	at org.eclipse.m2e.core.internal.project.registry.ProjectRegistryManager.notifyProjectChangeListeners(ProjectRegistryManager.java:892)
	at org.eclipse.m2e.core.internal.project.registry.ProjectRegistryManager.applyMutableProjectRegistry(ProjectRegistryManager.java:1042)
	at org.eclipse.m2e.core.internal.project.registry.ProjectRegistryManager.refresh(ProjectRegistryManager.java:324)
	at org.eclipse.m2e.core.internal.project.ProjectConfigurationManager.configureNewMavenProjects(ProjectConfigurationManager.java:256)
	at org.eclipse.m2e.core.internal.project.ProjectConfigurationManager.lambda$1(ProjectConfigurationManager.java:166)
	at org.eclipse.m2e.core.internal.embedder.MavenExecutionContext.executeBare(MavenExecutionContext.java:458)
	at org.eclipse.m2e.core.internal.embedder.MavenExecutionContext.execute(MavenExecutionContext.java:339)
	at org.eclipse.m2e.core.internal.embedder.MavenExecutionContext.execute(MavenExecutionContext.java:278)
	at org.eclipse.m2e.core.internal.project.ProjectConfigurationManager.importProjects(ProjectConfigurationManager.java:139)
	at org.eclipse.m2e.core.ui.internal.wizards.ImportMavenProjectsJob$1.doCreateMavenProjects(ImportMavenProjectsJob.java:71)
	at org.eclipse.m2e.core.ui.internal.wizards.AbstractCreateMavenProjectsOperation.run(AbstractCreateMavenProjectsOperation.java:56)
	at org.eclipse.m2e.core.ui.internal.wizards.ImportMavenProjectsJob.runInWorkspace(ImportMavenProjectsJob.java:80)
	at org.eclipse.core.internal.resources.InternalWorkspaceJob.run(InternalWorkspaceJob.java:43)
	at org.eclipse.core.internal.jobs.Worker.run(Worker.java:63)
Caused by: com.google.inject.OutOfScopeException: Cannot access Key[type=org.apache.maven.project.MavenProject, annotation=[none]] outside of a scoping block
	at org.apache.maven.execution.scope.internal.MojoExecutionScope$2.get(MojoExecutionScope.java:99)
	at com.google.inject.internal.InternalFactoryToProviderAdapter.get(InternalFactoryToProviderAdapter.java:45)
	at com.google.inject.internal.SingleParameterInjector.inject(SingleParameterInjector.java:40)
	at com.google.inject.internal.SingleParameterInjector.getAll(SingleParameterInjector.java:60)
	at com.google.inject.internal.ConstructorInjector.provision(ConstructorInjector.java:113)
	at com.google.inject.internal.ConstructorInjector.access$000(ConstructorInjector.java:33)
	at com.google.inject.internal.ConstructorInjector$1.call(ConstructorInjector.java:98)
	at com.google.inject.internal.ProvisionListenerStackCallback$Provision.provision(ProvisionListenerStackCallback.java:109)
	at com.google.inject.internal.ProvisionListenerStackCallback$Provision.provision(ProvisionListenerStackCallback.java:124)
	at com.google.inject.internal.ProvisionListenerStackCallback.provision(ProvisionListenerStackCallback.java:66)
	at com.google.inject.internal.ConstructorInjector.construct(ConstructorInjector.java:93)
	at com.google.inject.internal.ConstructorBindingImpl$Factory.get(ConstructorBindingImpl.java:300)
	at com.google.inject.internal.InjectorImpl$1.get(InjectorImpl.java:1101)
	... 41 common frames omitted
2026-08-25 11:52:35,805 [Worker-7: Importing Maven projects] INFO  o.e.m.j.i.AbstractJavaProjectConfigurator - Adding source folder /OrderUpdateService/src/main/java
2026-08-25 11:52:35,805 [Worker-7: Importing Maven projects] INFO  o.e.m.j.i.AbstractJavaProjectConfigurator - Adding resource folder /OrderUpdateService/src/main/resources
2026-08-25 11:52:35,806 [Worker-7: Importing Maven projects] INFO  o.e.m.j.i.AbstractJavaProjectConfigurator - Adding resource folder /OrderUpdateService/src/main/resources
2026-08-25 11:52:35,806 [Worker-7: Importing Maven projects] INFO  o.e.m.j.i.AbstractJavaProjectConfigurator - Adding source folder /OrderUpdateService/src/test/java
2026-08-25 11:52:35,807 [Worker-7: Importing Maven projects] INFO  o.e.m.j.i.AbstractJavaProjectConfigurator - Adding resource folder /OrderUpdateService/src/test/resources
2026-08-25 11:52:35,939 [Worker-7: Importing Maven projects] INFO  o.e.m.c.i.p.ProjectConfigurationManager - Imported and configured 1 project(s) in 0 sec
2026-08-25 11:52:36,323 [Worker-5: Building] INFO  o.a.m.s.f.DefaultMavenResourcesFiltering - Copying 1 resource from src\main\resources to target\classes
2026-08-25 11:52:36,336 [Worker-5: Building] INFO  o.a.m.s.f.DefaultMavenResourcesFiltering - Copying 0 resource from src\main\resources to target\classes
2026-08-25 11:52:36,341 [Worker-5: Building] INFO  o.a.m.s.f.DefaultMavenResourcesFiltering - skip non existing resourceDirectory C:\Users\Lenovo\Downloads\Order-Positioning-Task\OrderUpdateService\src\test\resources
2026-08-25 11:52:36,352 [Worker-5: Building] WARN  Sisu - Error injecting: org.apache.maven.plugins.jar.JarMojo
com.google.inject.ProvisionException: Unable to provision, see the following errors:

1) [Guice/ErrorInCustomProvider]: OutOfScopeException: Cannot access Key[type=MavenProject, annotation=[none]] outside of a scoping block
  at MojoExecutionScopeModule.configure(MojoExecutionScopeModule.java:47)
      \_ installed by: WireModule -> MojoExecutionScopeModule
  at JarMojo.<init>(JarMojo.java:72)
      \_ for 1st parameter
  while locating JarMojo

Learn more:
  https://github.com/google/guice/wiki/ERROR_IN_CUSTOM_PROVIDER

1 error

======================
Full classname legend:
======================
JarMojo:                  "org.apache.maven.plugins.jar.JarMojo"
MavenProject:             "org.apache.maven.project.MavenProject"
MojoExecutionScopeModule: "org.apache.maven.execution.scope.internal.MojoExecutionScopeModule"
OutOfScopeException:      "com.google.inject.OutOfScopeException"
WireModule:               "org.eclipse.sisu.wire.WireModule"
========================
End of classname legend:
========================

	at com.google.inject.internal.InternalProvisionException.toProvisionException(InternalProvisionException.java:251)
	at com.google.inject.internal.InjectorImpl$1.get(InjectorImpl.java:1104)
	at com.google.inject.internal.InjectorImpl.getInstance(InjectorImpl.java:1139)
	at org.eclipse.sisu.space.AbstractDeferredClass.get(AbstractDeferredClass.java:50)
	at com.google.inject.internal.ProviderInternalFactory.provision(ProviderInternalFactory.java:86)
	at com.google.inject.internal.InternalFactoryToInitializableAdapter.provision(InternalFactoryToInitializableAdapter.java:57)
	at com.google.inject.internal.ProviderInternalFactory$1.call(ProviderInternalFactory.java:67)
	at com.google.inject.internal.ProvisionListenerStackCallback$Provision.provision(ProvisionListenerStackCallback.java:109)
	at com.google.inject.internal.ProvisionListenerStackCallback$Provision.provision(ProvisionListenerStackCallback.java:124)
	at com.google.inject.internal.ProvisionListenerStackCallback.provision(ProvisionListenerStackCallback.java:66)
	at com.google.inject.internal.ProviderInternalFactory.circularGet(ProviderInternalFactory.java:62)
	at com.google.inject.internal.InternalFactoryToInitializableAdapter.get(InternalFactoryToInitializableAdapter.java:47)
	at com.google.inject.internal.InjectorImpl$1.get(InjectorImpl.java:1101)
	at org.eclipse.sisu.inject.Guice4$2.get(Guice4.java:235)
	at org.eclipse.sisu.inject.LazyBeanEntry.getValue(LazyBeanEntry.java:83)
	at org.eclipse.sisu.plexus.LazyPlexusBean.getValue(LazyPlexusBean.java:53)
	at org.codehaus.plexus.DefaultPlexusContainer.lookup(DefaultPlexusContainer.java:265)
	at org.codehaus.plexus.DefaultPlexusContainer.lookup(DefaultPlexusContainer.java:257)
	at org.apache.maven.plugin.internal.DefaultMavenPluginManager.getConfiguredMojo(DefaultMavenPluginManager.java:491)
	at org.eclipse.m2e.core.internal.embedder.MavenImpl.getConfiguredMojo(MavenImpl.java:206)
	at org.eclipse.m2e.mavenarchiver.internal.AbstractMavenArchiverConfigurator.reflectManifestGeneration(AbstractMavenArchiverConfigurator.java:439)
	at org.eclipse.m2e.mavenarchiver.internal.AbstractMavenArchiverConfigurator.lambda$3(AbstractMavenArchiverConfigurator.java:398)
	at org.eclipse.m2e.core.internal.embedder.MavenExecutionContext.executeBare(MavenExecutionContext.java:458)
	at org.eclipse.m2e.core.internal.embedder.MavenExecutionContext.execute(MavenExecutionContext.java:339)
	at org.eclipse.m2e.core.internal.embedder.MavenExecutionContext.execute(MavenExecutionContext.java:278)
	at org.eclipse.m2e.mavenarchiver.internal.AbstractMavenArchiverConfigurator.generateManifest(AbstractMavenArchiverConfigurator.java:371)
	at org.eclipse.m2e.mavenarchiver.internal.AbstractMavenArchiverConfigurator.mavenProjectChanged(AbstractMavenArchiverConfigurator.java:228)
	at org.eclipse.m2e.mavenarchiver.internal.AbstractMavenArchiverConfigurator$1.build(AbstractMavenArchiverConfigurator.java:178)
	at org.eclipse.m2e.core.internal.builder.MavenBuilderImpl.lambda$2(MavenBuilderImpl.java:159)
	at java.base/java.util.LinkedHashMap.forEach(LinkedHashMap.java:986)
	at org.eclipse.m2e.core.internal.builder.MavenBuilderImpl.build(MavenBuilderImpl.java:139)
	at org.eclipse.m2e.core.internal.builder.MavenBuilder$1.method(MavenBuilder.java:164)
	at org.eclipse.m2e.core.internal.builder.MavenBuilder$1.method(MavenBuilder.java:1)
	at org.eclipse.m2e.core.internal.builder.MavenBuilder$BuildMethod.lambda$1(MavenBuilder.java:109)
	at org.eclipse.m2e.core.internal.embedder.MavenExecutionContext.executeBare(MavenExecutionContext.java:458)
	at org.eclipse.m2e.core.internal.embedder.MavenExecutionContext.execute(MavenExecutionContext.java:292)
	at org.eclipse.m2e.core.internal.builder.MavenBuilder$BuildMethod.lambda$0(MavenBuilder.java:100)
	at org.eclipse.m2e.core.internal.embedder.MavenExecutionContext.executeBare(MavenExecutionContext.java:458)
	at org.eclipse.m2e.core.internal.embedder.MavenExecutionContext.execute(MavenExecutionContext.java:339)
	at org.eclipse.m2e.core.internal.embedder.MavenExecutionContext.execute(MavenExecutionContext.java:278)
	at org.eclipse.m2e.core.internal.builder.MavenBuilder$BuildMethod.execute(MavenBuilder.java:83)
	at org.eclipse.m2e.core.internal.builder.MavenBuilder.build(MavenBuilder.java:192)
	at org.eclipse.core.internal.events.BuildManager$2.run(BuildManager.java:1077)
	at org.eclipse.core.runtime.SafeRunner.run(SafeRunner.java:47)
	at org.eclipse.core.internal.events.BuildManager.basicBuild(BuildManager.java:296)
	at org.eclipse.core.internal.events.BuildManager.basicBuild(BuildManager.java:352)
	at org.eclipse.core.internal.events.BuildManager$1.run(BuildManager.java:441)
	at org.eclipse.core.runtime.SafeRunner.run(SafeRunner.java:47)
	at org.eclipse.core.internal.events.BuildManager.basicBuild(BuildManager.java:444)
	at org.eclipse.core.internal.events.BuildManager.basicBuildLoop(BuildManager.java:555)
	at org.eclipse.core.internal.events.BuildManager.basicBuildLoop(BuildManager.java:503)
	at org.eclipse.core.internal.events.BuildManager.build(BuildManager.java:585)
	at org.eclipse.core.internal.events.AutoBuildJob.doBuild(AutoBuildJob.java:207)
	at org.eclipse.core.internal.events.AutoBuildJob.run(AutoBuildJob.java:300)
	at org.eclipse.core.internal.jobs.Worker.run(Worker.java:63)
Caused by: com.google.inject.OutOfScopeException: Cannot access Key[type=org.apache.maven.project.MavenProject, annotation=[none]] outside of a scoping block
	at org.apache.maven.execution.scope.internal.MojoExecutionScope$2.get(MojoExecutionScope.java:99)
	at com.google.inject.internal.InternalFactoryToProviderAdapter.get(InternalFactoryToProviderAdapter.java:45)
	at com.google.inject.internal.SingleParameterInjector.inject(SingleParameterInjector.java:40)
	at com.google.inject.internal.SingleParameterInjector.getAll(SingleParameterInjector.java:60)
	at com.google.inject.internal.ConstructorInjector.provision(ConstructorInjector.java:113)
	at com.google.inject.internal.ConstructorInjector.access$000(ConstructorInjector.java:33)
	at com.google.inject.internal.ConstructorInjector$1.call(ConstructorInjector.java:98)
	at com.google.inject.internal.ProvisionListenerStackCallback$Provision.provision(ProvisionListenerStackCallback.java:109)
	at com.google.inject.internal.ProvisionListenerStackCallback$Provision.provision(ProvisionListenerStackCallback.java:124)
	at com.google.inject.internal.ProvisionListenerStackCallback.provision(ProvisionListenerStackCallback.java:66)
	at com.google.inject.internal.ConstructorInjector.construct(ConstructorInjector.java:93)
	at com.google.inject.internal.ConstructorBindingImpl$Factory.get(ConstructorBindingImpl.java:300)
	at com.google.inject.internal.InjectorImpl$1.get(InjectorImpl.java:1101)
	... 53 common frames omitted
2026-08-25 11:52:45,101 [Worker-1: Launching Executing clean in C__Users_Lenovo_Downloads_Order-Positioning-Task_OrderUpdateService] INFO  o.eclipse.m2e.core.internal.Bundles - getClasspathEntries(Bundle=org.eclipse.m2e.maven.runtime_3.9.900.20240824-1409 [360])
2026-08-25 11:52:45,102 [Worker-1: Launching Executing clean in C__Users_Lenovo_Downloads_Order-Positioning-Task_OrderUpdateService] INFO  o.eclipse.m2e.core.internal.Bundles - 	Entry: C:\Users\Lenovo\spring-tool-suite-4-4.26.0.RELEASE-e4.33.0-win32.win32.x86_64\sts-4.26.0.RELEASE\plugins\org.eclipse.m2e.maven.runtime_3.9.900.20240824-1409
2026-08-25 11:52:45,102 [Worker-1: Launching Executing clean in C__Users_Lenovo_Downloads_Order-Positioning-Task_OrderUpdateService] INFO  o.eclipse.m2e.core.internal.Bundles - 	Entry: C:\Users\Lenovo\spring-tool-suite-4-4.26.0.RELEASE-e4.33.0-win32.win32.x86_64\sts-4.26.0.RELEASE\plugins\org.eclipse.m2e.maven.runtime_3.9.900.20240824-1409\jars\aopalliance-1.0.jar
2026-08-25 11:52:45,103 [Worker-1: Launching Executing clean in C__Users_Lenovo_Downloads_Order-Positioning-Task_OrderUpdateService] INFO  o.eclipse.m2e.core.internal.Bundles - 	Entry: C:\Users\Lenovo\spring-tool-suite-4-4.26.0.RELEASE-e4.33.0-win32.win32.x86_64\sts-4.26.0.RELEASE\plugins\org.eclipse.m2e.maven.runtime_3.9.900.20240824-1409\jars\guice-5.1.0.jar
2026-08-25 11:52:45,103 [Worker-1: Launching Executing clean in C__Users_Lenovo_Downloads_Order-Positioning-Task_OrderUpdateService] INFO  o.eclipse.m2e.core.internal.Bundles - 	Entry: C:\Users\Lenovo\spring-tool-suite-4-4.26.0.RELEASE-e4.33.0-win32.win32.x86_64\sts-4.26.0.RELEASE\plugins\org.eclipse.m2e.maven.runtime_3.9.900.20240824-1409\jars\httpclient-4.5.14.jar
2026-08-25 11:52:45,103 [Worker-1: Launching Executing clean in C__Users_Lenovo_Downloads_Order-Positioning-Task_OrderUpdateService] INFO  o.eclipse.m2e.core.internal.Bundles - 	Entry: C:\Users\Lenovo\spring-tool-suite-4-4.26.0.RELEASE-e4.33.0-win32.win32.x86_64\sts-4.26.0.RELEASE\plugins\org.eclipse.m2e.maven.runtime_3.9.900.20240824-1409\jars\httpcore-4.4.16.jar
2026-08-25 11:52:45,103 [Worker-1: Launching Executing clean in C__Users_Lenovo_Downloads_Order-Positioning-Task_OrderUpdateService] INFO  o.eclipse.m2e.core.internal.Bundles - 	Entry: C:\Users\Lenovo\spring-tool-suite-4-4.26.0.RELEASE-e4.33.0-win32.win32.x86_64\sts-4.26.0.RELEASE\plugins\org.eclipse.m2e.maven.runtime_3.9.900.20240824-1409\jars\jansi-2.4.1.jar
2026-08-25 11:52:45,103 [Worker-1: Launching Executing clean in C__Users_Lenovo_Downloads_Order-Positioning-Task_OrderUpdateService] INFO  o.eclipse.m2e.core.internal.Bundles - 	Entry: C:\Users\Lenovo\spring-tool-suite-4-4.26.0.RELEASE-e4.33.0-win32.win32.x86_64\sts-4.26.0.RELEASE\plugins\org.eclipse.m2e.maven.runtime_3.9.900.20240824-1409\jars\jcl-over-slf4j-1.7.36.jar
2026-08-25 11:52:45,103 [Worker-1: Launching Executing clean in C__Users_Lenovo_Downloads_Order-Positioning-Task_OrderUpdateService] INFO  o.eclipse.m2e.core.internal.Bundles - 	Entry: C:\Users\Lenovo\spring-tool-suite-4-4.26.0.RELEASE-e4.33.0-win32.win32.x86_64\sts-4.26.0.RELEASE\plugins\org.eclipse.m2e.maven.runtime_3.9.900.20240824-1409\jars\maven-artifact-3.9.9.jar
2026-08-25 11:52:45,103 [Worker-1: Launching Executing clean in C__Users_Lenovo_Downloads_Order-Positioning-Task_OrderUpdateService] INFO  o.eclipse.m2e.core.internal.Bundles - 	Entry: C:\Users\Lenovo\spring-tool-suite-4-4.26.0.RELEASE-e4.33.0-win32.win32.x86_64\sts-4.26.0.RELEASE\plugins\org.eclipse.m2e.maven.runtime_3.9.900.20240824-1409\jars\maven-builder-support-3.9.9.jar
2026-08-25 11:52:45,103 [Worker-1: Launching Executing clean in C__Users_Lenovo_Downloads_Order-Positioning-Task_OrderUpdateService] INFO  o.eclipse.m2e.core.internal.Bundles - 	Entry: C:\Users\Lenovo\spring-tool-suite-4-4.26.0.RELEASE-e4.33.0-win32.win32.x86_64\sts-4.26.0.RELEASE\plugins\org.eclipse.m2e.maven.runtime_3.9.900.20240824-1409\jars\maven-compat-3.9.9.jar
2026-08-25 11:52:45,104 [Worker-1: Launching Executing clean in C__Users_Lenovo_Downloads_Order-Positioning-Task_OrderUpdateService] INFO  o.eclipse.m2e.core.internal.Bundles - 	Entry: C:\Users\Lenovo\spring-tool-suite-4-4.26.0.RELEASE-e4.33.0-win32.win32.x86_64\sts-4.26.0.RELEASE\plugins\org.eclipse.m2e.maven.runtime_3.9.900.20240824-1409\jars\maven-core-3.9.9.jar
2026-08-25 11:52:45,104 [Worker-1: Launching Executing clean in C__Users_Lenovo_Downloads_Order-Positioning-Task_OrderUpdateService] INFO  o.eclipse.m2e.core.internal.Bundles - 	Entry: C:\Users\Lenovo\spring-tool-suite-4-4.26.0.RELEASE-e4.33.0-win32.win32.x86_64\sts-4.26.0.RELEASE\plugins\org.eclipse.m2e.maven.runtime_3.9.900.20240824-1409\jars\maven-embedder-3.9.9.jar
2026-08-25 11:52:45,104 [Worker-1: Launching Executing clean in C__Users_Lenovo_Downloads_Order-Positioning-Task_OrderUpdateService] INFO  o.eclipse.m2e.core.internal.Bundles - 	Entry: C:\Users\Lenovo\spring-tool-suite-4-4.26.0.RELEASE-e4.33.0-win32.win32.x86_64\sts-4.26.0.RELEASE\plugins\org.eclipse.m2e.maven.runtime_3.9.900.20240824-1409\jars\maven-model-3.9.9.jar
2026-08-25 11:52:45,104 [Worker-1: Launching Executing clean in C__Users_Lenovo_Downloads_Order-Positioning-Task_OrderUpdateService] INFO  o.eclipse.m2e.core.internal.Bundles - 	Entry: C:\Users\Lenovo\spring-tool-suite-4-4.26.0.RELEASE-e4.33.0-win32.win32.x86_64\sts-4.26.0.RELEASE\plugins\org.eclipse.m2e.maven.runtime_3.9.900.20240824-1409\jars\maven-model-builder-3.9.9.jar
2026-08-25 11:52:45,104 [Worker-1: Launching Executing clean in C__Users_Lenovo_Downloads_Order-Positioning-Task_OrderUpdateService] INFO  o.eclipse.m2e.core.internal.Bundles - 	Entry: C:\Users\Lenovo\spring-tool-suite-4-4.26.0.RELEASE-e4.33.0-win32.win32.x86_64\sts-4.26.0.RELEASE\plugins\org.eclipse.m2e.maven.runtime_3.9.900.20240824-1409\jars\maven-plugin-api-3.9.9.jar
2026-08-25 11:52:45,104 [Worker-1: Launching Executing clean in C__Users_Lenovo_Downloads_Order-Positioning-Task_OrderUpdateService] INFO  o.eclipse.m2e.core.internal.Bundles - 	Entry: C:\Users\Lenovo\spring-tool-suite-4-4.26.0.RELEASE-e4.33.0-win32.win32.x86_64\sts-4.26.0.RELEASE\plugins\org.eclipse.m2e.maven.runtime_3.9.900.20240824-1409\jars\maven-repository-metadata-3.9.9.jar
2026-08-25 11:52:45,104 [Worker-1: Launching Executing clean in C__Users_Lenovo_Downloads_Order-Positioning-Task_OrderUpdateService] INFO  o.eclipse.m2e.core.internal.Bundles - 	Entry: C:\Users\Lenovo\spring-tool-suite-4-4.26.0.RELEASE-e4.33.0-win32.win32.x86_64\sts-4.26.0.RELEASE\plugins\org.eclipse.m2e.maven.runtime_3.9.900.20240824-1409\jars\maven-resolver-api-1.9.22.jar
2026-08-25 11:52:45,104 [Worker-1: Launching Executing clean in C__Users_Lenovo_Downloads_Order-Positioning-Task_OrderUpdateService] INFO  o.eclipse.m2e.core.internal.Bundles - 	Entry: C:\Users\Lenovo\spring-tool-suite-4-4.26.0.RELEASE-e4.33.0-win32.win32.x86_64\sts-4.26.0.RELEASE\plugins\org.eclipse.m2e.maven.runtime_3.9.900.20240824-1409\jars\maven-resolver-connector-basic-1.9.22.jar
2026-08-25 11:52:45,104 [Worker-1: Launching Executing clean in C__Users_Lenovo_Downloads_Order-Positioning-Task_OrderUpdateService] INFO  o.eclipse.m2e.core.internal.Bundles - 	Entry: C:\Users\Lenovo\spring-tool-suite-4-4.26.0.RELEASE-e4.33.0-win32.win32.x86_64\sts-4.26.0.RELEASE\plugins\org.eclipse.m2e.maven.runtime_3.9.900.20240824-1409\jars\maven-resolver-impl-1.9.22.jar
2026-08-25 11:52:45,104 [Worker-1: Launching Executing clean in C__Users_Lenovo_Downloads_Order-Positioning-Task_OrderUpdateService] INFO  o.eclipse.m2e.core.internal.Bundles - 	Entry: C:\Users\Lenovo\spring-tool-suite-4-4.26.0.RELEASE-e4.33.0-win32.win32.x86_64\sts-4.26.0.RELEASE\plugins\org.eclipse.m2e.maven.runtime_3.9.900.20240824-1409\jars\maven-resolver-named-locks-1.9.22.jar
2026-08-25 11:52:45,104 [Worker-1: Launching Executing clean in C__Users_Lenovo_Downloads_Order-Positioning-Task_OrderUpdateService] INFO  o.eclipse.m2e.core.internal.Bundles - 	Entry: C:\Users\Lenovo\spring-tool-suite-4-4.26.0.RELEASE-e4.33.0-win32.win32.x86_64\sts-4.26.0.RELEASE\plugins\org.eclipse.m2e.maven.runtime_3.9.900.20240824-1409\jars\maven-resolver-provider-3.9.9.jar
2026-08-25 11:52:45,105 [Worker-1: Launching Executing clean in C__Users_Lenovo_Downloads_Order-Positioning-Task_OrderUpdateService] INFO  o.eclipse.m2e.core.internal.Bundles - 	Entry: C:\Users\Lenovo\spring-tool-suite-4-4.26.0.RELEASE-e4.33.0-win32.win32.x86_64\sts-4.26.0.RELEASE\plugins\org.eclipse.m2e.maven.runtime_3.9.900.20240824-1409\jars\maven-resolver-spi-1.9.22.jar
2026-08-25 11:52:45,105 [Worker-1: Launching Executing clean in C__Users_Lenovo_Downloads_Order-Positioning-Task_OrderUpdateService] INFO  o.eclipse.m2e.core.internal.Bundles - 	Entry: C:\Users\Lenovo\spring-tool-suite-4-4.26.0.RELEASE-e4.33.0-win32.win32.x86_64\sts-4.26.0.RELEASE\plugins\org.eclipse.m2e.maven.runtime_3.9.900.20240824-1409\jars\maven-resolver-transport-file-1.9.22.jar
2026-08-25 11:52:45,105 [Worker-1: Launching Executing clean in C__Users_Lenovo_Downloads_Order-Positioning-Task_OrderUpdateService] INFO  o.eclipse.m2e.core.internal.Bundles - 	Entry: C:\Users\Lenovo\spring-tool-suite-4-4.26.0.RELEASE-e4.33.0-win32.win32.x86_64\sts-4.26.0.RELEASE\plugins\org.eclipse.m2e.maven.runtime_3.9.900.20240824-1409\jars\maven-resolver-transport-http-1.9.22.jar
2026-08-25 11:52:45,105 [Worker-1: Launching Executing clean in C__Users_Lenovo_Downloads_Order-Positioning-Task_OrderUpdateService] INFO  o.eclipse.m2e.core.internal.Bundles - 	Entry: C:\Users\Lenovo\spring-tool-suite-4-4.26.0.RELEASE-e4.33.0-win32.win32.x86_64\sts-4.26.0.RELEASE\plugins\org.eclipse.m2e.maven.runtime_3.9.900.20240824-1409\jars\maven-resolver-transport-wagon-1.9.22.jar
2026-08-25 11:52:45,105 [Worker-1: Launching Executing clean in C__Users_Lenovo_Downloads_Order-Positioning-Task_OrderUpdateService] INFO  o.eclipse.m2e.core.internal.Bundles - 	Entry: C:\Users\Lenovo\spring-tool-suite-4-4.26.0.RELEASE-e4.33.0-win32.win32.x86_64\sts-4.26.0.RELEASE\plugins\org.eclipse.m2e.maven.runtime_3.9.900.20240824-1409\jars\maven-resolver-util-1.9.22.jar
2026-08-25 11:52:45,105 [Worker-1: Launching Executing clean in C__Users_Lenovo_Downloads_Order-Positioning-Task_OrderUpdateService] INFO  o.eclipse.m2e.core.internal.Bundles - 	Entry: C:\Users\Lenovo\spring-tool-suite-4-4.26.0.RELEASE-e4.33.0-win32.win32.x86_64\sts-4.26.0.RELEASE\plugins\org.eclipse.m2e.maven.runtime_3.9.900.20240824-1409\jars\maven-settings-3.9.9.jar
2026-08-25 11:52:45,105 [Worker-1: Launching Executing clean in C__Users_Lenovo_Downloads_Order-Positioning-Task_OrderUpdateService] INFO  o.eclipse.m2e.core.internal.Bundles - 	Entry: C:\Users\Lenovo\spring-tool-suite-4-4.26.0.RELEASE-e4.33.0-win32.win32.x86_64\sts-4.26.0.RELEASE\plugins\org.eclipse.m2e.maven.runtime_3.9.900.20240824-1409\jars\maven-settings-builder-3.9.9.jar
2026-08-25 11:52:45,105 [Worker-1: Launching Executing clean in C__Users_Lenovo_Downloads_Order-Positioning-Task_OrderUpdateService] INFO  o.eclipse.m2e.core.internal.Bundles - 	Entry: C:\Users\Lenovo\spring-tool-suite-4-4.26.0.RELEASE-e4.33.0-win32.win32.x86_64\sts-4.26.0.RELEASE\plugins\org.eclipse.m2e.maven.runtime_3.9.900.20240824-1409\jars\maven-shared-utils-3.4.2.jar
2026-08-25 11:52:45,105 [Worker-1: Launching Executing clean in C__Users_Lenovo_Downloads_Order-Positioning-Task_OrderUpdateService] INFO  o.eclipse.m2e.core.internal.Bundles - 	Entry: C:\Users\Lenovo\spring-tool-suite-4-4.26.0.RELEASE-e4.33.0-win32.win32.x86_64\sts-4.26.0.RELEASE\plugins\org.eclipse.m2e.maven.runtime_3.9.900.20240824-1409\jars\org.eclipse.sisu.inject-0.9.0.M3.jar
2026-08-25 11:52:45,105 [Worker-1: Launching Executing clean in C__Users_Lenovo_Downloads_Order-Positioning-Task_OrderUpdateService] INFO  o.eclipse.m2e.core.internal.Bundles - 	Entry: C:\Users\Lenovo\spring-tool-suite-4-4.26.0.RELEASE-e4.33.0-win32.win32.x86_64\sts-4.26.0.RELEASE\plugins\org.eclipse.m2e.maven.runtime_3.9.900.20240824-1409\jars\org.eclipse.sisu.plexus-0.9.0.M3.jar
2026-08-25 11:52:45,105 [Worker-1: Launching Executing clean in C__Users_Lenovo_Downloads_Order-Positioning-Task_OrderUpdateService] INFO  o.eclipse.m2e.core.internal.Bundles - 	Entry: C:\Users\Lenovo\spring-tool-suite-4-4.26.0.RELEASE-e4.33.0-win32.win32.x86_64\sts-4.26.0.RELEASE\plugins\org.eclipse.m2e.maven.runtime_3.9.900.20240824-1409\jars\plexus-build-api-0.0.7.jar
2026-08-25 11:52:45,105 [Worker-1: Launching Executing clean in C__Users_Lenovo_Downloads_Order-Positioning-Task_OrderUpdateService] INFO  o.eclipse.m2e.core.internal.Bundles - 	Entry: C:\Users\Lenovo\spring-tool-suite-4-4.26.0.RELEASE-e4.33.0-win32.win32.x86_64\sts-4.26.0.RELEASE\plugins\org.eclipse.m2e.maven.runtime_3.9.900.20240824-1409\jars\plexus-build-api-1.2.0.jar
2026-08-25 11:52:45,105 [Worker-1: Launching Executing clean in C__Users_Lenovo_Downloads_Order-Positioning-Task_OrderUpdateService] INFO  o.eclipse.m2e.core.internal.Bundles - 	Entry: C:\Users\Lenovo\spring-tool-suite-4-4.26.0.RELEASE-e4.33.0-win32.win32.x86_64\sts-4.26.0.RELEASE\plugins\org.eclipse.m2e.maven.runtime_3.9.900.20240824-1409\jars\plexus-cipher-2.0.jar
2026-08-25 11:52:45,105 [Worker-1: Launching Executing clean in C__Users_Lenovo_Downloads_Order-Positioning-Task_OrderUpdateService] INFO  o.eclipse.m2e.core.internal.Bundles - 	Entry: C:\Users\Lenovo\spring-tool-suite-4-4.26.0.RELEASE-e4.33.0-win32.win32.x86_64\sts-4.26.0.RELEASE\plugins\org.eclipse.m2e.maven.runtime_3.9.900.20240824-1409\jars\plexus-classworlds-2.8.0.jar
2026-08-25 11:52:45,105 [Worker-1: Launching Executing clean in C__Users_Lenovo_Downloads_Order-Positioning-Task_OrderUpdateService] INFO  o.eclipse.m2e.core.internal.Bundles - 	Entry: C:\Users\Lenovo\spring-tool-suite-4-4.26.0.RELEASE-e4.33.0-win32.win32.x86_64\sts-4.26.0.RELEASE\plugins\org.eclipse.m2e.maven.runtime_3.9.900.20240824-1409\jars\plexus-component-annotations-2.1.0.jar
2026-08-25 11:52:45,105 [Worker-1: Launching Executing clean in C__Users_Lenovo_Downloads_Order-Positioning-Task_OrderUpdateService] INFO  o.eclipse.m2e.core.internal.Bundles - 	Entry: C:\Users\Lenovo\spring-tool-suite-4-4.26.0.RELEASE-e4.33.0-win32.win32.x86_64\sts-4.26.0.RELEASE\plugins\org.eclipse.m2e.maven.runtime_3.9.900.20240824-1409\jars\plexus-interpolation-1.27.jar
2026-08-25 11:52:45,105 [Worker-1: Launching Executing clean in C__Users_Lenovo_Downloads_Order-Positioning-Task_OrderUpdateService] INFO  o.eclipse.m2e.core.internal.Bundles - 	Entry: C:\Users\Lenovo\spring-tool-suite-4-4.26.0.RELEASE-e4.33.0-win32.win32.x86_64\sts-4.26.0.RELEASE\plugins\org.eclipse.m2e.maven.runtime_3.9.900.20240824-1409\jars\plexus-sec-dispatcher-2.0.jar
2026-08-25 11:52:45,106 [Worker-1: Launching Executing clean in C__Users_Lenovo_Downloads_Order-Positioning-Task_OrderUpdateService] INFO  o.eclipse.m2e.core.internal.Bundles - 	Entry: C:\Users\Lenovo\spring-tool-suite-4-4.26.0.RELEASE-e4.33.0-win32.win32.x86_64\sts-4.26.0.RELEASE\plugins\org.eclipse.m2e.maven.runtime_3.9.900.20240824-1409\jars\plexus-utils-3.5.1.jar
2026-08-25 11:52:45,106 [Worker-1: Launching Executing clean in C__Users_Lenovo_Downloads_Order-Positioning-Task_OrderUpdateService] INFO  o.eclipse.m2e.core.internal.Bundles - 	Entry: C:\Users\Lenovo\spring-tool-suite-4-4.26.0.RELEASE-e4.33.0-win32.win32.x86_64\sts-4.26.0.RELEASE\plugins\org.eclipse.m2e.maven.runtime_3.9.900.20240824-1409\jars\plexus-xml-3.0.1.jar
2026-08-25 11:52:45,106 [Worker-1: Launching Executing clean in C__Users_Lenovo_Downloads_Order-Positioning-Task_OrderUpdateService] INFO  o.eclipse.m2e.core.internal.Bundles - 	Entry: C:\Users\Lenovo\spring-tool-suite-4-4.26.0.RELEASE-e4.33.0-win32.win32.x86_64\sts-4.26.0.RELEASE\plugins\org.eclipse.m2e.maven.runtime_3.9.900.20240824-1409\jars\wagon-file-3.5.3.jar
2026-08-25 11:52:45,106 [Worker-1: Launching Executing clean in C__Users_Lenovo_Downloads_Order-Positioning-Task_OrderUpdateService] INFO  o.eclipse.m2e.core.internal.Bundles - 	Entry: C:\Users\Lenovo\spring-tool-suite-4-4.26.0.RELEASE-e4.33.0-win32.win32.x86_64\sts-4.26.0.RELEASE\plugins\org.eclipse.m2e.maven.runtime_3.9.900.20240824-1409\jars\wagon-http-3.5.3.jar
2026-08-25 11:52:45,106 [Worker-1: Launching Executing clean in C__Users_Lenovo_Downloads_Order-Positioning-Task_OrderUpdateService] INFO  o.eclipse.m2e.core.internal.Bundles - 	Entry: C:\Users\Lenovo\spring-tool-suite-4-4.26.0.RELEASE-e4.33.0-win32.win32.x86_64\sts-4.26.0.RELEASE\plugins\org.eclipse.m2e.maven.runtime_3.9.900.20240824-1409\jars\wagon-http-shared-3.5.3.jar
2026-08-25 11:52:45,106 [Worker-1: Launching Executing clean in C__Users_Lenovo_Downloads_Order-Positioning-Task_OrderUpdateService] INFO  o.eclipse.m2e.core.internal.Bundles - 	Entry: C:\Users\Lenovo\spring-tool-suite-4-4.26.0.RELEASE-e4.33.0-win32.win32.x86_64\sts-4.26.0.RELEASE\plugins\org.eclipse.m2e.maven.runtime_3.9.900.20240824-1409\jars\wagon-provider-api-3.5.3.jar
2026-08-25 11:52:45,106 [Worker-1: Launching Executing clean in C__Users_Lenovo_Downloads_Order-Positioning-Task_OrderUpdateService] INFO  o.eclipse.m2e.core.internal.Bundles - getClasspathEntries(Bundle=com.google.guava_33.3.0.jre [29])
2026-08-25 11:52:45,106 [Worker-1: Launching Executing clean in C__Users_Lenovo_Downloads_Order-Positioning-Task_OrderUpdateService] INFO  o.eclipse.m2e.core.internal.Bundles - 	Entry: C:\Users\Lenovo\spring-tool-suite-4-4.26.0.RELEASE-e4.33.0-win32.win32.x86_64\sts-4.26.0.RELEASE\plugins\com.google.guava_33.3.0.jre.jar
2026-08-25 11:52:45,106 [Worker-1: Launching Executing clean in C__Users_Lenovo_Downloads_Order-Positioning-Task_OrderUpdateService] INFO  o.eclipse.m2e.core.internal.Bundles - getClasspathEntries(Bundle=slf4j.api_2.0.16 [593])
2026-08-25 11:52:45,106 [Worker-1: Launching Executing clean in C__Users_Lenovo_Downloads_Order-Positioning-Task_OrderUpdateService] INFO  o.eclipse.m2e.core.internal.Bundles - 	Entry: C:\Users\Lenovo\spring-tool-suite-4-4.26.0.RELEASE-e4.33.0-win32.win32.x86_64\sts-4.26.0.RELEASE\plugins\slf4j.api_2.0.16.jar
2026-08-25 11:52:45,107 [Worker-1: Launching Executing clean in C__Users_Lenovo_Downloads_Order-Positioning-Task_OrderUpdateService] INFO  o.eclipse.m2e.core.internal.Bundles - getClasspathEntries(Bundle=jakarta.inject.jakarta.inject-api_1.0.5 [45])
2026-08-25 11:52:45,107 [Worker-1: Launching Executing clean in C__Users_Lenovo_Downloads_Order-Positioning-Task_OrderUpdateService] INFO  o.eclipse.m2e.core.internal.Bundles - 	Entry: C:\Users\Lenovo\spring-tool-suite-4-4.26.0.RELEASE-e4.33.0-win32.win32.x86_64\sts-4.26.0.RELEASE\plugins\jakarta.inject.jakarta.inject-api_1.0.5.jar
2026-08-25 11:52:45,107 [Worker-1: Launching Executing clean in C__Users_Lenovo_Downloads_Order-Positioning-Task_OrderUpdateService] INFO  o.eclipse.m2e.core.internal.Bundles - getClasspathEntries(Bundle=jakarta.annotation-api_1.3.5 [41])
2026-08-25 11:52:45,107 [Worker-1: Launching Executing clean in C__Users_Lenovo_Downloads_Order-Positioning-Task_OrderUpdateService] INFO  o.eclipse.m2e.core.internal.Bundles - 	Entry: C:\Users\Lenovo\spring-tool-suite-4-4.26.0.RELEASE-e4.33.0-win32.win32.x86_64\sts-4.26.0.RELEASE\plugins\jakarta.annotation-api_1.3.5.jar
2026-08-25 11:52:45,107 [Worker-1: Launching Executing clean in C__Users_Lenovo_Downloads_Order-Positioning-Task_OrderUpdateService] INFO  o.eclipse.m2e.core.internal.Bundles - getClasspathEntries(Bundle=org.apache.commons.cli_1.9.0 [77])
2026-08-25 11:52:45,107 [Worker-1: Launching Executing clean in C__Users_Lenovo_Downloads_Order-Positioning-Task_OrderUpdateService] INFO  o.eclipse.m2e.core.internal.Bundles - 	Entry: C:\Users\Lenovo\spring-tool-suite-4-4.26.0.RELEASE-e4.33.0-win32.win32.x86_64\sts-4.26.0.RELEASE\plugins\org.apache.commons.cli_1.9.0.jar
2026-08-25 11:52:45,107 [Worker-1: Launching Executing clean in C__Users_Lenovo_Downloads_Order-Positioning-Task_OrderUpdateService] INFO  o.eclipse.m2e.core.internal.Bundles - getClasspathEntries(Bundle=org.apache.commons.commons-codec_1.16.0 [80])
2026-08-25 11:52:45,107 [Worker-1: Launching Executing clean in C__Users_Lenovo_Downloads_Order-Positioning-Task_OrderUpdateService] INFO  o.eclipse.m2e.core.internal.Bundles - 	Entry: C:\Users\Lenovo\spring-tool-suite-4-4.26.0.RELEASE-e4.33.0-win32.win32.x86_64\sts-4.26.0.RELEASE\plugins\org.apache.commons.commons-codec_1.16.0.jar
2026-08-25 11:52:45,107 [Worker-1: Launching Executing clean in C__Users_Lenovo_Downloads_Order-Positioning-Task_OrderUpdateService] INFO  o.eclipse.m2e.core.internal.Bundles - getClasspathEntries(Bundle=com.google.guava.failureaccess_1.0.2 [30])
2026-08-25 11:52:45,107 [Worker-1: Launching Executing clean in C__Users_Lenovo_Downloads_Order-Positioning-Task_OrderUpdateService] INFO  o.eclipse.m2e.core.internal.Bundles - 	Entry: C:\Users\Lenovo\spring-tool-suite-4-4.26.0.RELEASE-e4.33.0-win32.win32.x86_64\sts-4.26.0.RELEASE\plugins\com.google.guava.failureaccess_1.0.2.jar
2026-08-25 11:52:45,108 [Worker-1: Launching Executing clean in C__Users_Lenovo_Downloads_Order-Positioning-Task_OrderUpdateService] INFO  o.e.m.i.launch.MavenLaunchDelegate - Run build in "C:\Users\Lenovo\Downloads\Order-Positioning-Task\OrderUpdateService":
2026-08-25 11:52:45,108 [Worker-1: Launching Executing clean in C__Users_Lenovo_Downloads_Order-Positioning-Task_OrderUpdateService] INFO  o.e.m.i.launch.MavenLaunchDelegate -  mvn  -B -Dstyle.color=always clean
2026-08-25 11:52:46,721 [Worker-5: Building] INFO  o.a.m.s.f.DefaultMavenResourcesFiltering - Copying 1 resource from src\main\resources to target\classes
2026-08-25 11:52:46,723 [Worker-5: Building] INFO  o.a.m.s.f.DefaultMavenResourcesFiltering - Copying 0 resource from src\main\resources to target\classes
2026-08-25 11:52:46,725 [Worker-5: Building] INFO  o.a.m.s.f.DefaultMavenResourcesFiltering - skip non existing resourceDirectory C:\Users\Lenovo\Downloads\Order-Positioning-Task\OrderUpdateService\src\test\resources
2026-08-25 11:52:46,729 [Worker-5: Building] WARN  Sisu - Error injecting: org.apache.maven.plugins.jar.JarMojo
com.google.inject.ProvisionException: Unable to provision, see the following errors:

1) [Guice/ErrorInCustomProvider]: OutOfScopeException: Cannot access Key[type=MavenProject, annotation=[none]] outside of a scoping block
  at MojoExecutionScopeModule.configure(MojoExecutionScopeModule.java:47)
      \_ installed by: WireModule -> MojoExecutionScopeModule
  at JarMojo.<init>(JarMojo.java:72)
      \_ for 1st parameter
  while locating JarMojo

Learn more:
  https://github.com/google/guice/wiki/ERROR_IN_CUSTOM_PROVIDER

1 error

======================
Full classname legend:
======================
JarMojo:                  "org.apache.maven.plugins.jar.JarMojo"
MavenProject:             "org.apache.maven.project.MavenProject"
MojoExecutionScopeModule: "org.apache.maven.execution.scope.internal.MojoExecutionScopeModule"
OutOfScopeException:      "com.google.inject.OutOfScopeException"
WireModule:               "org.eclipse.sisu.wire.WireModule"
========================
End of classname legend:
========================

	at com.google.inject.internal.InternalProvisionException.toProvisionException(InternalProvisionException.java:251)
	at com.google.inject.internal.InjectorImpl$1.get(InjectorImpl.java:1104)
	at com.google.inject.internal.InjectorImpl.getInstance(InjectorImpl.java:1139)
	at org.eclipse.sisu.space.AbstractDeferredClass.get(AbstractDeferredClass.java:50)
	at com.google.inject.internal.ProviderInternalFactory.provision(ProviderInternalFactory.java:86)
	at com.google.inject.internal.InternalFactoryToInitializableAdapter.provision(InternalFactoryToInitializableAdapter.java:57)
	at com.google.inject.internal.ProviderInternalFactory$1.call(ProviderInternalFactory.java:67)
	at com.google.inject.internal.ProvisionListenerStackCallback$Provision.provision(ProvisionListenerStackCallback.java:109)
	at com.google.inject.internal.ProvisionListenerStackCallback$Provision.provision(ProvisionListenerStackCallback.java:124)
	at com.google.inject.internal.ProvisionListenerStackCallback.provision(ProvisionListenerStackCallback.java:66)
	at com.google.inject.internal.ProviderInternalFactory.circularGet(ProviderInternalFactory.java:62)
	at com.google.inject.internal.InternalFactoryToInitializableAdapter.get(InternalFactoryToInitializableAdapter.java:47)
	at com.google.inject.internal.InjectorImpl$1.get(InjectorImpl.java:1101)
	at org.eclipse.sisu.inject.Guice4$2.get(Guice4.java:235)
	at org.eclipse.sisu.inject.LazyBeanEntry.getValue(LazyBeanEntry.java:83)
	at org.eclipse.sisu.plexus.LazyPlexusBean.getValue(LazyPlexusBean.java:53)
	at org.codehaus.plexus.DefaultPlexusContainer.lookup(DefaultPlexusContainer.java:265)
	at org.codehaus.plexus.DefaultPlexusContainer.lookup(DefaultPlexusContainer.java:257)
	at org.apache.maven.plugin.internal.DefaultMavenPluginManager.getConfiguredMojo(DefaultMavenPluginManager.java:491)
	at org.eclipse.m2e.core.internal.embedder.MavenImpl.getConfiguredMojo(MavenImpl.java:206)
	at org.eclipse.m2e.mavenarchiver.internal.AbstractMavenArchiverConfigurator.reflectManifestGeneration(AbstractMavenArchiverConfigurator.java:439)
	at org.eclipse.m2e.mavenarchiver.internal.AbstractMavenArchiverConfigurator.lambda$3(AbstractMavenArchiverConfigurator.java:398)
	at org.eclipse.m2e.core.internal.embedder.MavenExecutionContext.executeBare(MavenExecutionContext.java:458)
	at org.eclipse.m2e.core.internal.embedder.MavenExecutionContext.execute(MavenExecutionContext.java:339)
	at org.eclipse.m2e.core.internal.embedder.MavenExecutionContext.execute(MavenExecutionContext.java:278)
	at org.eclipse.m2e.mavenarchiver.internal.AbstractMavenArchiverConfigurator.generateManifest(AbstractMavenArchiverConfigurator.java:371)
	at org.eclipse.m2e.mavenarchiver.internal.AbstractMavenArchiverConfigurator.mavenProjectChanged(AbstractMavenArchiverConfigurator.java:228)
	at org.eclipse.m2e.mavenarchiver.internal.AbstractMavenArchiverConfigurator$1.build(AbstractMavenArchiverConfigurator.java:178)
	at org.eclipse.m2e.core.internal.builder.MavenBuilderImpl.lambda$2(MavenBuilderImpl.java:159)
	at java.base/java.util.LinkedHashMap.forEach(LinkedHashMap.java:986)
	at org.eclipse.m2e.core.internal.builder.MavenBuilderImpl.build(MavenBuilderImpl.java:139)
	at org.eclipse.m2e.core.internal.builder.MavenBuilder$1.method(MavenBuilder.java:164)
	at org.eclipse.m2e.core.internal.builder.MavenBuilder$1.method(MavenBuilder.java:1)
	at org.eclipse.m2e.core.internal.builder.MavenBuilder$BuildMethod.lambda$1(MavenBuilder.java:109)
	at org.eclipse.m2e.core.internal.embedder.MavenExecutionContext.executeBare(MavenExecutionContext.java:458)
	at org.eclipse.m2e.core.internal.embedder.MavenExecutionContext.execute(MavenExecutionContext.java:292)
	at org.eclipse.m2e.core.internal.builder.MavenBuilder$BuildMethod.lambda$0(MavenBuilder.java:100)
	at org.eclipse.m2e.core.internal.embedder.MavenExecutionContext.executeBare(MavenExecutionContext.java:458)
	at org.eclipse.m2e.core.internal.embedder.MavenExecutionContext.execute(MavenExecutionContext.java:339)
	at org.eclipse.m2e.core.internal.embedder.MavenExecutionContext.execute(MavenExecutionContext.java:278)
	at org.eclipse.m2e.core.internal.builder.MavenBuilder$BuildMethod.execute(MavenBuilder.java:83)
	at org.eclipse.m2e.core.internal.builder.MavenBuilder.build(MavenBuilder.java:192)
	at org.eclipse.core.internal.events.BuildManager$2.run(BuildManager.java:1077)
	at org.eclipse.core.runtime.SafeRunner.run(SafeRunner.java:47)
	at org.eclipse.core.internal.events.BuildManager.basicBuild(BuildManager.java:296)
	at org.eclipse.core.internal.events.BuildManager.basicBuild(BuildManager.java:352)
	at org.eclipse.core.internal.events.BuildManager$1.run(BuildManager.java:441)
	at org.eclipse.core.runtime.SafeRunner.run(SafeRunner.java:47)
	at org.eclipse.core.internal.events.BuildManager.basicBuild(BuildManager.java:444)
	at org.eclipse.core.internal.events.BuildManager.basicBuildLoop(BuildManager.java:555)
	at org.eclipse.core.internal.events.BuildManager.basicBuildLoop(BuildManager.java:503)
	at org.eclipse.core.internal.events.BuildManager.build(BuildManager.java:585)
	at org.eclipse.core.internal.events.AutoBuildJob.doBuild(AutoBuildJob.java:207)
	at org.eclipse.core.internal.events.AutoBuildJob.run(AutoBuildJob.java:300)
	at org.eclipse.core.internal.jobs.Worker.run(Worker.java:63)
Caused by: com.google.inject.OutOfScopeException: Cannot access Key[type=org.apache.maven.project.MavenProject, annotation=[none]] outside of a scoping block
	at org.apache.maven.execution.scope.internal.MojoExecutionScope$2.get(MojoExecutionScope.java:99)
	at com.google.inject.internal.InternalFactoryToProviderAdapter.get(InternalFactoryToProviderAdapter.java:45)
	at com.google.inject.internal.SingleParameterInjector.inject(SingleParameterInjector.java:40)
	at com.google.inject.internal.SingleParameterInjector.getAll(SingleParameterInjector.java:60)
	at com.google.inject.internal.ConstructorInjector.provision(ConstructorInjector.java:113)
	at com.google.inject.internal.ConstructorInjector.access$000(ConstructorInjector.java:33)
	at com.google.inject.internal.ConstructorInjector$1.call(ConstructorInjector.java:98)
	at com.google.inject.internal.ProvisionListenerStackCallback$Provision.provision(ProvisionListenerStackCallback.java:109)
	at com.google.inject.internal.ProvisionListenerStackCallback$Provision.provision(ProvisionListenerStackCallback.java:124)
	at com.google.inject.internal.ProvisionListenerStackCallback.provision(ProvisionListenerStackCallback.java:66)
	at com.google.inject.internal.ConstructorInjector.construct(ConstructorInjector.java:93)
	at com.google.inject.internal.ConstructorBindingImpl$Factory.get(ConstructorBindingImpl.java:300)
	at com.google.inject.internal.InjectorImpl$1.get(InjectorImpl.java:1101)
	... 53 common frames omitted
2026-08-25 11:52:55,415 [Worker-7: Updating Maven Project] INFO  o.e.m.c.i.p.ProjectConfigurationManager - Update started
2026-08-25 11:52:55,624 [Worker-7: Updating Maven Project] INFO  o.e.m.c.i.l.LifecycleMappingFactory - Using org.eclipse.m2e.jdt.JarLifecycleMapping lifecycle mapping for MavenProject: com.example:OrderUpdateService:0.0.1-SNAPSHOT @ C:\Users\Lenovo\Downloads\Order-Positioning-Task\OrderUpdateService\pom.xml.
2026-08-25 11:52:55,790 [Worker-7: Updating Maven Project] WARN  Sisu - Error injecting: org.apache.maven.plugins.jar.JarMojo
com.google.inject.ProvisionException: Unable to provision, see the following errors:

1) [Guice/ErrorInCustomProvider]: OutOfScopeException: Cannot access Key[type=MavenProject, annotation=[none]] outside of a scoping block
  at MojoExecutionScopeModule.configure(MojoExecutionScopeModule.java:47)
      \_ installed by: WireModule -> MojoExecutionScopeModule
  at JarMojo.<init>(JarMojo.java:72)
      \_ for 1st parameter
  while locating JarMojo

Learn more:
  https://github.com/google/guice/wiki/ERROR_IN_CUSTOM_PROVIDER

1 error

======================
Full classname legend:
======================
JarMojo:                  "org.apache.maven.plugins.jar.JarMojo"
MavenProject:             "org.apache.maven.project.MavenProject"
MojoExecutionScopeModule: "org.apache.maven.execution.scope.internal.MojoExecutionScopeModule"
OutOfScopeException:      "com.google.inject.OutOfScopeException"
WireModule:               "org.eclipse.sisu.wire.WireModule"
========================
End of classname legend:
========================

	at com.google.inject.internal.InternalProvisionException.toProvisionException(InternalProvisionException.java:251)
	at com.google.inject.internal.InjectorImpl$1.get(InjectorImpl.java:1104)
	at com.google.inject.internal.InjectorImpl.getInstance(InjectorImpl.java:1139)
	at org.eclipse.sisu.space.AbstractDeferredClass.get(AbstractDeferredClass.java:50)
	at com.google.inject.internal.ProviderInternalFactory.provision(ProviderInternalFactory.java:86)
	at com.google.inject.internal.InternalFactoryToInitializableAdapter.provision(InternalFactoryToInitializableAdapter.java:57)
	at com.google.inject.internal.ProviderInternalFactory$1.call(ProviderInternalFactory.java:67)
	at com.google.inject.internal.ProvisionListenerStackCallback$Provision.provision(ProvisionListenerStackCallback.java:109)
	at com.google.inject.internal.ProvisionListenerStackCallback$Provision.provision(ProvisionListenerStackCallback.java:124)
	at com.google.inject.internal.ProvisionListenerStackCallback.provision(ProvisionListenerStackCallback.java:66)
	at com.google.inject.internal.ProviderInternalFactory.circularGet(ProviderInternalFactory.java:62)
	at com.google.inject.internal.InternalFactoryToInitializableAdapter.get(InternalFactoryToInitializableAdapter.java:47)
	at com.google.inject.internal.InjectorImpl$1.get(InjectorImpl.java:1101)
	at org.eclipse.sisu.inject.Guice4$2.get(Guice4.java:235)
	at org.eclipse.sisu.inject.LazyBeanEntry.getValue(LazyBeanEntry.java:83)
	at org.eclipse.sisu.plexus.LazyPlexusBean.getValue(LazyPlexusBean.java:53)
	at org.codehaus.plexus.DefaultPlexusContainer.lookup(DefaultPlexusContainer.java:265)
	at org.codehaus.plexus.DefaultPlexusContainer.lookup(DefaultPlexusContainer.java:257)
	at org.apache.maven.plugin.internal.DefaultMavenPluginManager.getConfiguredMojo(DefaultMavenPluginManager.java:491)
	at org.eclipse.m2e.core.internal.embedder.MavenImpl.getConfiguredMojo(MavenImpl.java:206)
	at org.eclipse.m2e.mavenarchiver.internal.AbstractMavenArchiverConfigurator.reflectManifestGeneration(AbstractMavenArchiverConfigurator.java:439)
	at org.eclipse.m2e.mavenarchiver.internal.AbstractMavenArchiverConfigurator.lambda$3(AbstractMavenArchiverConfigurator.java:398)
	at org.eclipse.m2e.core.internal.embedder.MavenExecutionContext.executeBare(MavenExecutionContext.java:458)
	at org.eclipse.m2e.core.internal.embedder.MavenExecutionContext.execute(MavenExecutionContext.java:339)
	at org.eclipse.m2e.core.internal.embedder.MavenExecutionContext.execute(MavenExecutionContext.java:278)
	at org.eclipse.m2e.mavenarchiver.internal.AbstractMavenArchiverConfigurator.generateManifest(AbstractMavenArchiverConfigurator.java:371)
	at org.eclipse.m2e.mavenarchiver.internal.AbstractMavenArchiverConfigurator.mavenProjectChanged(AbstractMavenArchiverConfigurator.java:228)
	at org.eclipse.m2e.mavenarchiver.internal.AbstractMavenArchiverConfigurator.mavenProjectChanged(AbstractMavenArchiverConfigurator.java:220)
	at org.eclipse.m2e.core.internal.project.ProjectConfigurationManager.mavenProjectChanged(ProjectConfigurationManager.java:885)
	at org.eclipse.m2e.core.internal.project.registry.ProjectRegistryManager.notifyProjectChangeListeners(ProjectRegistryManager.java:892)
	at org.eclipse.m2e.core.internal.project.registry.ProjectRegistryManager.applyMutableProjectRegistry(ProjectRegistryManager.java:1042)
	at org.eclipse.m2e.core.internal.project.registry.ProjectRegistryManager.refresh(ProjectRegistryManager.java:324)
	at org.eclipse.m2e.core.internal.project.ProjectConfigurationManager.updateProjectConfiguration0(ProjectConfigurationManager.java:388)
	at org.eclipse.m2e.core.internal.project.ProjectConfigurationManager.lambda$3(ProjectConfigurationManager.java:340)
	at org.eclipse.m2e.core.internal.embedder.MavenExecutionContext.executeBare(MavenExecutionContext.java:458)
	at org.eclipse.m2e.core.internal.embedder.MavenExecutionContext.execute(MavenExecutionContext.java:339)
	at org.eclipse.m2e.core.internal.embedder.MavenExecutionContext.execute(MavenExecutionContext.java:278)
	at org.eclipse.m2e.core.internal.embedder.MavenImpl.execute(MavenImpl.java:1053)
	at org.eclipse.m2e.core.internal.project.ProjectConfigurationManager.updateProjectConfiguration(ProjectConfigurationManager.java:339)
	at org.eclipse.m2e.core.ui.internal.UpdateMavenProjectJob.runInWorkspace(UpdateMavenProjectJob.java:80)
	at org.eclipse.core.internal.resources.InternalWorkspaceJob.run(InternalWorkspaceJob.java:43)
	at org.eclipse.core.internal.jobs.Worker.run(Worker.java:63)
Caused by: com.google.inject.OutOfScopeException: Cannot access Key[type=org.apache.maven.project.MavenProject, annotation=[none]] outside of a scoping block
	at org.apache.maven.execution.scope.internal.MojoExecutionScope$2.get(MojoExecutionScope.java:99)
	at com.google.inject.internal.InternalFactoryToProviderAdapter.get(InternalFactoryToProviderAdapter.java:45)
	at com.google.inject.internal.SingleParameterInjector.inject(SingleParameterInjector.java:40)
	at com.google.inject.internal.SingleParameterInjector.getAll(SingleParameterInjector.java:60)
	at com.google.inject.internal.ConstructorInjector.provision(ConstructorInjector.java:113)
	at com.google.inject.internal.ConstructorInjector.access$000(ConstructorInjector.java:33)
	at com.google.inject.internal.ConstructorInjector$1.call(ConstructorInjector.java:98)
	at com.google.inject.internal.ProvisionListenerStackCallback$Provision.provision(ProvisionListenerStackCallback.java:109)
	at com.google.inject.internal.ProvisionListenerStackCallback$Provision.provision(ProvisionListenerStackCallback.java:124)
	at com.google.inject.internal.ProvisionListenerStackCallback.provision(ProvisionListenerStackCallback.java:66)
	at com.google.inject.internal.ConstructorInjector.construct(ConstructorInjector.java:93)
	at com.google.inject.internal.ConstructorBindingImpl$Factory.get(ConstructorBindingImpl.java:300)
	at com.google.inject.internal.InjectorImpl$1.get(InjectorImpl.java:1101)
	... 40 common frames omitted
2026-08-25 11:52:55,892 [Worker-7: Updating Maven Project] INFO  o.e.m.j.i.AbstractJavaProjectConfigurator - Adding source folder /OrderUpdateService/src/main/java
2026-08-25 11:52:55,893 [Worker-7: Updating Maven Project] INFO  o.e.m.j.i.AbstractJavaProjectConfigurator - Adding resource folder /OrderUpdateService/src/main/resources
2026-08-25 11:52:55,893 [Worker-7: Updating Maven Project] INFO  o.e.m.j.i.AbstractJavaProjectConfigurator - Adding resource folder /OrderUpdateService/src/main/resources
2026-08-25 11:52:55,893 [Worker-7: Updating Maven Project] INFO  o.e.m.j.i.AbstractJavaProjectConfigurator - Adding source folder /OrderUpdateService/src/test/java
2026-08-25 11:52:55,894 [Worker-7: Updating Maven Project] INFO  o.e.m.j.i.AbstractJavaProjectConfigurator - Adding resource folder /OrderUpdateService/src/test/resources
2026-08-25 11:52:56,054 [Worker-7: Updating Maven Project] INFO  o.e.m.c.i.p.ProjectConfigurationManager - Update completed for 1 poms: local refresh takes 0.00 sec, refresh facades takes 0.00 sec, update config takes 0.00 sec 
2026-08-25 11:52:56,322 [Worker-10: Building] INFO  o.a.m.s.f.DefaultMavenResourcesFiltering - Copying 1 resource from src\main\resources to target\classes
2026-08-25 11:52:56,330 [Worker-10: Building] INFO  o.a.m.s.f.DefaultMavenResourcesFiltering - Copying 0 resource from src\main\resources to target\classes
2026-08-25 11:52:56,333 [Worker-10: Building] INFO  o.a.m.s.f.DefaultMavenResourcesFiltering - skip non existing resourceDirectory C:\Users\Lenovo\Downloads\Order-Positioning-Task\OrderUpdateService\src\test\resources
2026-08-25 11:52:56,337 [Worker-10: Building] WARN  Sisu - Error injecting: org.apache.maven.plugins.jar.JarMojo
com.google.inject.ProvisionException: Unable to provision, see the following errors:

1) [Guice/ErrorInCustomProvider]: OutOfScopeException: Cannot access Key[type=MavenProject, annotation=[none]] outside of a scoping block
  at MojoExecutionScopeModule.configure(MojoExecutionScopeModule.java:47)
      \_ installed by: WireModule -> MojoExecutionScopeModule
  at JarMojo.<init>(JarMojo.java:72)
      \_ for 1st parameter
  while locating JarMojo

Learn more:
  https://github.com/google/guice/wiki/ERROR_IN_CUSTOM_PROVIDER

1 error

======================
Full classname legend:
======================
JarMojo:                  "org.apache.maven.plugins.jar.JarMojo"
MavenProject:             "org.apache.maven.project.MavenProject"
MojoExecutionScopeModule: "org.apache.maven.execution.scope.internal.MojoExecutionScopeModule"
OutOfScopeException:      "com.google.inject.OutOfScopeException"
WireModule:               "org.eclipse.sisu.wire.WireModule"
========================
End of classname legend:
========================

	at com.google.inject.internal.InternalProvisionException.toProvisionException(InternalProvisionException.java:251)
	at com.google.inject.internal.InjectorImpl$1.get(InjectorImpl.java:1104)
	at com.google.inject.internal.InjectorImpl.getInstance(InjectorImpl.java:1139)
	at org.eclipse.sisu.space.AbstractDeferredClass.get(AbstractDeferredClass.java:50)
	at com.google.inject.internal.ProviderInternalFactory.provision(ProviderInternalFactory.java:86)
	at com.google.inject.internal.InternalFactoryToInitializableAdapter.provision(InternalFactoryToInitializableAdapter.java:57)
	at com.google.inject.internal.ProviderInternalFactory$1.call(ProviderInternalFactory.java:67)
	at com.google.inject.internal.ProvisionListenerStackCallback$Provision.provision(ProvisionListenerStackCallback.java:109)
	at com.google.inject.internal.ProvisionListenerStackCallback$Provision.provision(ProvisionListenerStackCallback.java:124)
	at com.google.inject.internal.ProvisionListenerStackCallback.provision(ProvisionListenerStackCallback.java:66)
	at com.google.inject.internal.ProviderInternalFactory.circularGet(ProviderInternalFactory.java:62)
	at com.google.inject.internal.InternalFactoryToInitializableAdapter.get(InternalFactoryToInitializableAdapter.java:47)
	at com.google.inject.internal.InjectorImpl$1.get(InjectorImpl.java:1101)
	at org.eclipse.sisu.inject.Guice4$2.get(Guice4.java:235)
	at org.eclipse.sisu.inject.LazyBeanEntry.getValue(LazyBeanEntry.java:83)
	at org.eclipse.sisu.plexus.LazyPlexusBean.getValue(LazyPlexusBean.java:53)
	at org.codehaus.plexus.DefaultPlexusContainer.lookup(DefaultPlexusContainer.java:265)
	at org.codehaus.plexus.DefaultPlexusContainer.lookup(DefaultPlexusContainer.java:257)
	at org.apache.maven.plugin.internal.DefaultMavenPluginManager.getConfiguredMojo(DefaultMavenPluginManager.java:491)
	at org.eclipse.m2e.core.internal.embedder.MavenImpl.getConfiguredMojo(MavenImpl.java:206)
	at org.eclipse.m2e.mavenarchiver.internal.AbstractMavenArchiverConfigurator.reflectManifestGeneration(AbstractMavenArchiverConfigurator.java:439)
	at org.eclipse.m2e.mavenarchiver.internal.AbstractMavenArchiverConfigurator.lambda$3(AbstractMavenArchiverConfigurator.java:398)
	at org.eclipse.m2e.core.internal.embedder.MavenExecutionContext.executeBare(MavenExecutionContext.java:458)
	at org.eclipse.m2e.core.internal.embedder.MavenExecutionContext.execute(MavenExecutionContext.java:339)
	at org.eclipse.m2e.core.internal.embedder.MavenExecutionContext.execute(MavenExecutionContext.java:278)
	at org.eclipse.m2e.mavenarchiver.internal.AbstractMavenArchiverConfigurator.generateManifest(AbstractMavenArchiverConfigurator.java:371)
	at org.eclipse.m2e.mavenarchiver.internal.AbstractMavenArchiverConfigurator.mavenProjectChanged(AbstractMavenArchiverConfigurator.java:228)
	at org.eclipse.m2e.mavenarchiver.internal.AbstractMavenArchiverConfigurator$1.build(AbstractMavenArchiverConfigurator.java:178)
	at org.eclipse.m2e.core.internal.builder.MavenBuilderImpl.lambda$2(MavenBuilderImpl.java:159)
	at java.base/java.util.LinkedHashMap.forEach(LinkedHashMap.java:986)
	at org.eclipse.m2e.core.internal.builder.MavenBuilderImpl.build(MavenBuilderImpl.java:139)
	at org.eclipse.m2e.core.internal.builder.MavenBuilder$1.method(MavenBuilder.java:164)
	at org.eclipse.m2e.core.internal.builder.MavenBuilder$1.method(MavenBuilder.java:1)
	at org.eclipse.m2e.core.internal.builder.MavenBuilder$BuildMethod.lambda$1(MavenBuilder.java:109)
	at org.eclipse.m2e.core.internal.embedder.MavenExecutionContext.executeBare(MavenExecutionContext.java:458)
	at org.eclipse.m2e.core.internal.embedder.MavenExecutionContext.execute(MavenExecutionContext.java:292)
	at org.eclipse.m2e.core.internal.builder.MavenBuilder$BuildMethod.lambda$0(MavenBuilder.java:100)
	at org.eclipse.m2e.core.internal.embedder.MavenExecutionContext.executeBare(MavenExecutionContext.java:458)
	at org.eclipse.m2e.core.internal.embedder.MavenExecutionContext.execute(MavenExecutionContext.java:339)
	at org.eclipse.m2e.core.internal.embedder.MavenExecutionContext.execute(MavenExecutionContext.java:278)
	at org.eclipse.m2e.core.internal.builder.MavenBuilder$BuildMethod.execute(MavenBuilder.java:83)
	at org.eclipse.m2e.core.internal.builder.MavenBuilder.build(MavenBuilder.java:192)
	at org.eclipse.core.internal.events.BuildManager$2.run(BuildManager.java:1077)
	at org.eclipse.core.runtime.SafeRunner.run(SafeRunner.java:47)
	at org.eclipse.core.internal.events.BuildManager.basicBuild(BuildManager.java:296)
	at org.eclipse.core.internal.events.BuildManager.basicBuild(BuildManager.java:352)
	at org.eclipse.core.internal.events.BuildManager$1.run(BuildManager.java:441)
	at org.eclipse.core.runtime.SafeRunner.run(SafeRunner.java:47)
	at org.eclipse.core.internal.events.BuildManager.basicBuild(BuildManager.java:444)
	at org.eclipse.core.internal.events.BuildManager.basicBuildLoop(BuildManager.java:555)
	at org.eclipse.core.internal.events.BuildManager.basicBuildLoop(BuildManager.java:503)
	at org.eclipse.core.internal.events.BuildManager.build(BuildManager.java:585)
	at org.eclipse.core.internal.events.AutoBuildJob.doBuild(AutoBuildJob.java:207)
	at org.eclipse.core.internal.events.AutoBuildJob.run(AutoBuildJob.java:300)
	at org.eclipse.core.internal.jobs.Worker.run(Worker.java:63)
Caused by: com.google.inject.OutOfScopeException: Cannot access Key[type=org.apache.maven.project.MavenProject, annotation=[none]] outside of a scoping block
	at org.apache.maven.execution.scope.internal.MojoExecutionScope$2.get(MojoExecutionScope.java:99)
	at com.google.inject.internal.InternalFactoryToProviderAdapter.get(InternalFactoryToProviderAdapter.java:45)
	at com.google.inject.internal.SingleParameterInjector.inject(SingleParameterInjector.java:40)
	at com.google.inject.internal.SingleParameterInjector.getAll(SingleParameterInjector.java:60)
	at com.google.inject.internal.ConstructorInjector.provision(ConstructorInjector.java:113)
	at com.google.inject.internal.ConstructorInjector.access$000(ConstructorInjector.java:33)
	at com.google.inject.internal.ConstructorInjector$1.call(ConstructorInjector.java:98)
	at com.google.inject.internal.ProvisionListenerStackCallback$Provision.provision(ProvisionListenerStackCallback.java:109)
	at com.google.inject.internal.ProvisionListenerStackCallback$Provision.provision(ProvisionListenerStackCallback.java:124)
	at com.google.inject.internal.ProvisionListenerStackCallback.provision(ProvisionListenerStackCallback.java:66)
	at com.google.inject.internal.ConstructorInjector.construct(ConstructorInjector.java:93)
	at com.google.inject.internal.ConstructorBindingImpl$Factory.get(ConstructorBindingImpl.java:300)
	at com.google.inject.internal.InjectorImpl$1.get(InjectorImpl.java:1101)
	... 53 common frames omitted
